YEAR,GEO_ID,TRACT,CITY,COUNTY,STATE,ABBREV_NAME,B25058_001E,B25058_001M
2024,06037910213,Census Tract 9102.13,Acton,Los Angeles County,California,Acton,2684,99
2024,06037910804,Census Tract 9108.04,Acton,Los Angeles County,California,Acton,,
2024,06037910814,Census Tract 9108.14,Acton,Los Angeles County,California,Acton,,
2024,06037910815,Census Tract 9108.15,Acton,Los Angeles County,California,Acton,1881,1139
2024,06037800324,Census Tract 8003.24,Agoura Hills,Los Angeles County,California,AgouraHills,3501,
2024,06037800328,Census Tract 8003.28,Agoura Hills,Los Angeles County,California,AgouraHills,3501,
2024,06037800333,Census Tract 8003.33,Agoura Hills,Los Angeles County,California,AgouraHills,3033,241
2024,06037800334,Census Tract 8003.34,Agoura Hills,Los Angeles County,California,AgouraHills,1814,1071
2024,06037800335,Census Tract 8003.35,Agoura Hills,Los Angeles County,California,AgouraHills,2695,142
2024,06037800336,Census Tract 8003.36,Agoura Hills,Los Angeles County,California,AgouraHills,2466,438
2024,06037800338,Census Tract 8003.38,Agoura Hills,Los Angeles County,California,AgouraHills,3501,
2024,06037910808,Census Tract 9108.08,Agua Dulce,Los Angeles County,California,AguaDulce,2375,1560
2024,06037910810,Census Tract 9108.10,Agua Dulce,Los Angeles County,California,AguaDulce,3501,
2024,06037910814,Census Tract 9108.14,Agua Dulce,Los Angeles County,California,AguaDulce,,
2024,06037480302,Census Tract 4803.02,Alhambra,Los Angeles County,California,Alhambra,1903,159
2024,06037480303,Census Tract 4803.03,Alhambra,Los Angeles County,California,Alhambra,1860,71
2024,06037480304,Census Tract 4803.04,Alhambra,Los Angeles County,California,Alhambra,1846,105
2024,06037480400,Census Tract 4804,Alhambra,Los Angeles County,California,Alhambra,2003,217
2024,06037480802,Census Tract 4808.02,Alhambra,Los Angeles County,California,Alhambra,1594,458
2024,06037480803,Census Tract 4808.03,Alhambra,Los Angeles County,California,Alhambra,1801,155
2024,06037480804,Census Tract 4808.04,Alhambra,Los Angeles County,California,Alhambra,1815,100
2024,06037480901,Census Tract 4809.01,Alhambra,Los Angeles County,California,Alhambra,1705,99
2024,06037480902,Census Tract 4809.02,Alhambra,Los Angeles County,California,Alhambra,1757,109
2024,06037480903,Census Tract 4809.03,Alhambra,Los Angeles County,California,Alhambra,1342,208
2024,06037481001,Census Tract 4810.01,Alhambra,Los Angeles County,California,Alhambra,1714,139
2024,06037481002,Census Tract 4810.02,Alhambra,Los Angeles County,California,Alhambra,1858,176
2024,06037481500,Census Tract 4815,Alhambra,Los Angeles County,California,Alhambra,2118,314
2024,06037481603,Census Tract 4816.03,Alhambra,Los Angeles County,California,Alhambra,1739,193
2024,06037481604,Census Tract 4816.04,Alhambra,Los Angeles County,California,Alhambra,1918,147
2024,06037481605,Census Tract 4816.05,Alhambra,Los Angeles County,California,Alhambra,1665,122
2024,06037481606,Census Tract 4816.06,Alhambra,Los Angeles County,California,Alhambra,1816,82
2024,06037481800,Census Tract 4818,Alhambra,Los Angeles County,California,Alhambra,1950,964
2024,06037481901,Census Tract 4819.01,Alhambra,Los Angeles County,California,Alhambra,1790,196
2024,06037481902,Census Tract 4819.02,Alhambra,Los Angeles County,California,Alhambra,1984,292
2024,06037603702,Census Tract 6037.02,Alondra Park,Los Angeles County,California,AlondraPark,2481,466
2024,06037603706,Census Tract 6037.06,Alondra Park,Los Angeles County,California,AlondraPark,1687,78
2024,06037460101,Census Tract 4601.01,Altadena,Los Angeles County,California,Altadena,1972,397
2024,06037460200,Census Tract 4602,Altadena,Los Angeles County,California,Altadena,2210,122
2024,06037460301,Census Tract 4603.01,Altadena,Los Angeles County,California,Altadena,2625,607
2024,06037460302,Census Tract 4603.02,Altadena,Los Angeles County,California,Altadena,2601,305
2024,06037460401,Census Tract 4604.01,Altadena,Los Angeles County,California,Altadena,2028,354
2024,06037461000,Census Tract 4610,Altadena,Los Angeles County,California,Altadena,2428,1377
2024,06037461100,Census Tract 4611,Altadena,Los Angeles County,California,Altadena,1964,211
2024,06037461200,Census Tract 4612,Altadena,Los Angeles County,California,Altadena,2409,1266
2024,06037461300,Census Tract 4613,Altadena,Los Angeles County,California,Altadena,1919,819
2024,06037462500,Census Tract 4625,Altadena,Los Angeles County,California,Altadena,2255,719
2024,06037430400,Census Tract 4304,Arcadia,Los Angeles County,California,Arcadia,1978,645
2024,06037430600,Census Tract 4306,Arcadia,Los Angeles County,California,Arcadia,2411,297
2024,06037430701,Census Tract 4307.01,Arcadia,Los Angeles County,California,Arcadia,1815,134
2024,06037430721,Census Tract 4307.21,Arcadia,Los Angeles County,California,Arcadia,1829,240
2024,06037430723,Census Tract 4307.23,Arcadia,Los Angeles County,California,Arcadia,2025,148
2024,06037430724,Census Tract 4307.24,Arcadia,Los Angeles County,California,Arcadia,2201,67
2024,06037430801,Census Tract 4308.01,Arcadia,Los Angeles County,California,Arcadia,2005,299
2024,06037430802,Census Tract 4308.02,Arcadia,Los Angeles County,California,Arcadia,1628,378
2024,06037430803,Census Tract 4308.03,Arcadia,Los Angeles County,California,Arcadia,2496,607
2024,06037431300,Census Tract 4313,Arcadia,Los Angeles County,California,Arcadia,2174,134
2024,06037431400,Census Tract 4314,Arcadia,Los Angeles County,California,Arcadia,1949,974
2024,06037431502,Census Tract 4315.02,Arcadia,Los Angeles County,California,Arcadia,1969,239
2024,06037431600,Census Tract 4316,Arcadia,Los Angeles County,California,Arcadia,1508,968
2024,06037431701,Census Tract 4317.01,Arcadia,Los Angeles County,California,Arcadia,1898,569
2024,06037431800,Census Tract 4318,Arcadia,Los Angeles County,California,Arcadia,1973,192
2024,06037432502,Census Tract 4325.02,Arcadia,Los Angeles County,California,Arcadia,2104,156
2024,06037554801,Census Tract 5548.01,Artesia,Los Angeles County,California,Artesia,1405,412
2024,06037554802,Census Tract 5548.02,Artesia,Los Angeles County,California,Artesia,1892,158
2024,06037554900,Census Tract 5549,Artesia,Los Angeles County,California,Artesia,2217,123
2024,06037599000,Census Tract 5990,Avalon,Los Angeles County,California,Avalon,1794,306
2024,06037599100,Census Tract 5991,Avalon,Los Angeles County,California,Avalon,2566,1454
2024,06037408301,Census Tract 4083.01,Avocado Heights,Los Angeles County,California,AvocadoHeights,1566,183
2024,06037408302,Census Tract 4083.02,Avocado Heights,Los Angeles County,California,AvocadoHeights,2305,256
2024,06037408303,Census Tract 4083.03,Avocado Heights,Los Angeles County,California,AvocadoHeights,2111,1381
2024,06037980035,Census Tract 9800.35,Avocado Heights,Los Angeles County,California,AvocadoHeights,968,41
2024,06037400602,Census Tract 4006.02,Azusa,Los Angeles County,California,Azusa,1702,106
2024,06037400603,Census Tract 4006.03,Azusa,Los Angeles County,California,Azusa,1713,224
2024,06037400605,Census Tract 4006.05,Azusa,Los Angeles County,California,Azusa,2049,322
2024,06037400801,Census Tract 4008.01,Azusa,Los Angeles County,California,Azusa,2264,639
2024,06037404000,Census Tract 4040,Azusa,Los Angeles County,California,Azusa,2134,158
2024,06037404100,Census Tract 4041,Azusa,Los Angeles County,California,Azusa,1884,184
2024,06037404201,Census Tract 4042.01,Azusa,Los Angeles County,California,Azusa,1570,414
2024,06037404203,Census Tract 4042.03,Azusa,Los Angeles County,California,Azusa,1556,171
2024,06037404301,Census Tract 4043.01,Azusa,Los Angeles County,California,Azusa,1731,53
2024,06037404302,Census Tract 4043.02,Azusa,Los Angeles County,California,Azusa,1946,197
2024,06037404401,Census Tract 4044.01,Azusa,Los Angeles County,California,Azusa,1538,388
2024,06037404402,Census Tract 4044.02,Azusa,Los Angeles County,California,Azusa,2097,580
2024,06037404501,Census Tract 4045.01,Azusa,Los Angeles County,California,Azusa,1746,110
2024,06037404503,Census Tract 4045.03,Azusa,Los Angeles County,California,Azusa,1773,191
2024,06037404504,Census Tract 4045.04,Azusa,Los Angeles County,California,Azusa,1826,106
2024,06037404701,Census Tract 4047.01,Baldwin Park,Los Angeles County,California,BaldwinPark,1741,245
2024,06037404702,Census Tract 4047.02,Baldwin Park,Los Angeles County,California,BaldwinPark,1814,152
2024,06037404703,Census Tract 4047.03,Baldwin Park,Los Angeles County,California,BaldwinPark,1659,96
2024,06037404804,Census Tract 4048.04,Baldwin Park,Los Angeles County,California,BaldwinPark,1722,190
2024,06037404805,Census Tract 4048.05,Baldwin Park,Los Angeles County,California,BaldwinPark,1566,122
2024,06037404806,Census Tract 4048.06,Baldwin Park,Los Angeles County,California,BaldwinPark,1700,92
2024,06037404901,Census Tract 4049.01,Baldwin Park,Los Angeles County,California,BaldwinPark,1699,209
2024,06037404902,Census Tract 4049.02,Baldwin Park,Los Angeles County,California,BaldwinPark,2113,108
2024,06037404903,Census Tract 4049.03,Baldwin Park,Los Angeles County,California,BaldwinPark,2073,223
2024,06037405001,Census Tract 4050.01,Baldwin Park,Los Angeles County,California,BaldwinPark,1636,233
2024,06037405002,Census Tract 4050.02,Baldwin Park,Los Angeles County,California,BaldwinPark,1732,141
2024,06037405101,Census Tract 4051.01,Baldwin Park,Los Angeles County,California,BaldwinPark,1696,77
2024,06037405102,Census Tract 4051.02,Baldwin Park,Los Angeles County,California,BaldwinPark,1667,103
2024,06037405201,Census Tract 4052.01,Baldwin Park,Los Angeles County,California,BaldwinPark,1639,147
2024,06037405202,Census Tract 4052.02,Baldwin Park,Los Angeles County,California,BaldwinPark,1237,375
2024,06037405203,Census Tract 4052.03,Baldwin Park,Los Angeles County,California,BaldwinPark,2250,101
2024,06037406903,Census Tract 4069.03,Baldwin Park,Los Angeles County,California,BaldwinPark,1636,208
2024,06037407001,Census Tract 4070.01,Baldwin Park,Los Angeles County,California,BaldwinPark,1911,566
2024,06037407002,Census Tract 4070.02,Baldwin Park,Los Angeles County,California,BaldwinPark,2250,253
2024,06037532304,Census Tract 5323.04,Bell,Los Angeles County,California,Bell,1343,416
2024,06037533201,Census Tract 5332.01,Bell,Los Angeles County,California,Bell,1440,282
2024,06037533601,Census Tract 5336.01,Bell,Los Angeles County,California,Bell,1301,137
2024,06037533602,Census Tract 5336.02,Bell,Los Angeles County,California,Bell,1325,95
2024,06037533603,Census Tract 5336.03,Bell,Los Angeles County,California,Bell,1449,114
2024,06037533803,Census Tract 5338.03,Bell,Los Angeles County,California,Bell,1646,130
2024,06037533804,Census Tract 5338.04,Bell,Los Angeles County,California,Bell,1631,167
2024,06037533805,Census Tract 5338.05,Bell,Los Angeles County,California,Bell,1523,217
2024,06037533806,Census Tract 5338.06,Bell,Los Angeles County,California,Bell,1632,159
2024,06037553100,Census Tract 5531,Bellflower,Los Angeles County,California,Bellflower,1966,219
2024,06037553201,Census Tract 5532.01,Bellflower,Los Angeles County,California,Bellflower,1875,154
2024,06037553202,Census Tract 5532.02,Bellflower,Los Angeles County,California,Bellflower,1922,289
2024,06037553300,Census Tract 5533,Bellflower,Los Angeles County,California,Bellflower,1072,208
2024,06037554001,Census Tract 5540.01,Bellflower,Los Angeles County,California,Bellflower,1720,92
2024,06037554002,Census Tract 5540.02,Bellflower,Los Angeles County,California,Bellflower,1818,173
2024,06037554101,Census Tract 5541.01,Bellflower,Los Angeles County,California,Bellflower,1613,118
2024,06037554105,Census Tract 5541.05,Bellflower,Los Angeles County,California,Bellflower,1749,61
2024,06037554106,Census Tract 5541.06,Bellflower,Los Angeles County,California,Bellflower,1738,94
2024,06037554201,Census Tract 5542.01,Bellflower,Los Angeles County,California,Bellflower,2030,257
2024,06037554203,Census Tract 5542.03,Bellflower,Los Angeles County,California,Bellflower,1542,208
2024,06037554204,Census Tract 5542.04,Bellflower,Los Angeles County,California,Bellflower,1418,120
2024,06037554301,Census Tract 5543.01,Bellflower,Los Angeles County,California,Bellflower,1833,185
2024,06037554302,Census Tract 5543.02,Bellflower,Los Angeles County,California,Bellflower,1868,242
2024,06037554403,Census Tract 5544.03,Bellflower,Los Angeles County,California,Bellflower,1759,137
2024,06037554404,Census Tract 5544.04,Bellflower,Los Angeles County,California,Bellflower,1833,309
2024,06037554405,Census Tract 5544.05,Bellflower,Los Angeles County,California,Bellflower,1594,114
2024,06037554406,Census Tract 5544.06,Bellflower,Los Angeles County,California,Bellflower,1850,187
2024,06037533901,Census Tract 5339.01,Bell Gardens,Los Angeles County,California,BellGardens,1519,108
2024,06037533902,Census Tract 5339.02,Bell Gardens,Los Angeles County,California,BellGardens,1696,107
2024,06037534001,Census Tract 5340.01,Bell Gardens,Los Angeles County,California,BellGardens,1427,181
2024,06037534002,Census Tract 5340.02,Bell Gardens,Los Angeles County,California,BellGardens,1893,159
2024,06037534101,Census Tract 5341.01,Bell Gardens,Los Angeles County,California,BellGardens,1319,333
2024,06037534102,Census Tract 5341.02,Bell Gardens,Los Angeles County,California,BellGardens,1538,163
2024,06037534201,Census Tract 5342.01,Bell Gardens,Los Angeles County,California,BellGardens,1665,70
2024,06037534202,Census Tract 5342.02,Bell Gardens,Los Angeles County,California,BellGardens,1487,177
2024,06037534203,Census Tract 5342.03,Bell Gardens,Los Angeles County,California,BellGardens,1539,139
2024,06037700600,Census Tract 7006,Beverly Hills,Los Angeles County,California,BeverlyHills,3501,
2024,06037700700,Census Tract 7007,Beverly Hills,Los Angeles County,California,BeverlyHills,3501,
2024,06037700801,Census Tract 7008.01,Beverly Hills,Los Angeles County,California,BeverlyHills,3001,349
2024,06037700802,Census Tract 7008.02,Beverly Hills,Los Angeles County,California,BeverlyHills,2643,266
2024,06037700901,Census Tract 7009.01,Beverly Hills,Los Angeles County,California,BeverlyHills,3501,
2024,06037700902,Census Tract 7009.02,Beverly Hills,Los Angeles County,California,BeverlyHills,2499,184
2024,06037701000,Census Tract 7010,Beverly Hills,Los Angeles County,California,BeverlyHills,2803,610
2024,06037430200,Census Tract 4302,Bradbury,Los Angeles County,California,Bradbury,3501,
2024,06037310100,Census Tract 3101,Burbank (Los Angeles County),Los Angeles County,California,Burbank(LosAngelesCounty),3501,
2024,06037310201,Census Tract 3102.01,Burbank (Los Angeles County),Los Angeles County,California,Burbank(LosAngelesCounty),2337,200
2024,06037310202,Census Tract 3102.02,Burbank (Los Angeles County),Los Angeles County,California,Burbank(LosAngelesCounty),1979,185
2024,06037310300,Census Tract 3103,Burbank (Los Angeles County),Los Angeles County,California,Burbank(LosAngelesCounty),3501,
2024,06037310400,Census Tract 3104,Burbank (Los Angeles County),Los Angeles County,California,Burbank(LosAngelesCounty),1997,382
2024,06037310501,Census Tract 3105.01,Burbank (Los Angeles County),Los Angeles County,California,Burbank(LosAngelesCounty),1789,190
2024,06037310601,Census Tract 3106.01,Burbank (Los Angeles County),Los Angeles County,California,Burbank(LosAngelesCounty),2056,161
2024,06037310602,Census Tract 3106.02,Burbank (Los Angeles County),Los Angeles County,California,Burbank(LosAngelesCounty),1927,117
2024,06037310701,Census Tract 3107.01,Burbank (Los Angeles County),Los Angeles County,California,Burbank(LosAngelesCounty),1429,357
2024,06037310703,Census Tract 3107.03,Burbank (Los Angeles County),Los Angeles County,California,Burbank(LosAngelesCounty),1959,157
2024,06037310704,Census Tract 3107.04,Burbank (Los Angeles County),Los Angeles County,California,Burbank(LosAngelesCounty),1814,159
2024,06037310705,Census Tract 3107.05,Burbank (Los Angeles County),Los Angeles County,California,Burbank(LosAngelesCounty),1763,205
2024,06037310800,Census Tract 3108,Burbank (Los Angeles County),Los Angeles County,California,Burbank(LosAngelesCounty),2008,569
2024,06037310900,Census Tract 3109,Burbank (Los Angeles County),Los Angeles County,California,Burbank(LosAngelesCounty),1957,292
2024,06037311000,Census Tract 3110,Burbank (Los Angeles County),Los Angeles County,California,Burbank(LosAngelesCounty),2031,686
2024,06037311100,Census Tract 3111,Burbank (Los Angeles County),Los Angeles County,California,Burbank(LosAngelesCounty),2151,958
2024,06037311200,Census Tract 3112,Burbank (Los Angeles County),Los Angeles County,California,Burbank(LosAngelesCounty),1847,300
2024,06037311300,Census Tract 3113,Burbank (Los Angeles County),Los Angeles County,California,Burbank(LosAngelesCounty),2077,218
2024,06037311400,Census Tract 3114,Burbank (Los Angeles County),Los Angeles County,California,Burbank(LosAngelesCounty),2216,132
2024,06037311500,Census Tract 3115,Burbank (Los Angeles County),Los Angeles County,California,Burbank(LosAngelesCounty),2148,206
2024,06037311601,Census Tract 3116.01,Burbank (Los Angeles County),Los Angeles County,California,Burbank(LosAngelesCounty),2416,364
2024,06037311602,Census Tract 3116.02,Burbank (Los Angeles County),Los Angeles County,California,Burbank(LosAngelesCounty),2552,286
2024,06037311700,Census Tract 3117,Burbank (Los Angeles County),Los Angeles County,California,Burbank(LosAngelesCounty),2022,186
2024,06037311801,Census Tract 3118.01,Burbank (Los Angeles County),Los Angeles County,California,Burbank(LosAngelesCounty),1746,88
2024,06037311802,Census Tract 3118.02,Burbank (Los Angeles County),Los Angeles County,California,Burbank(LosAngelesCounty),2031,183
2024,06037980001,Census Tract 9800.01,Burbank (Los Angeles County),Los Angeles County,California,Burbank(LosAngelesCounty),,
2024,06037800101,Census Tract 8001.01,Calabasas,Los Angeles County,California,Calabasas,3279,1407
2024,06037800103,Census Tract 8001.03,Calabasas,Los Angeles County,California,Calabasas,2221,271
2024,06037800104,Census Tract 8001.04,Calabasas,Los Angeles County,California,Calabasas,3501,
2024,06037800202,Census Tract 8002.02,Calabasas,Los Angeles County,California,Calabasas,3501,
2024,06037800204,Census Tract 8002.04,Calabasas,Los Angeles County,California,Calabasas,3373,580
2024,06037800205,Census Tract 8002.05,Calabasas,Los Angeles County,California,Calabasas,2797,63
2024,06037800328,Census Tract 8003.28,Calabasas,Los Angeles County,California,Calabasas,3501,
2024,06037800337,Census Tract 8003.37,Calabasas,Los Angeles County,California,Calabasas,2981,173
2024,06037541003,Census Tract 5410.03,Carson,Los Angeles County,California,Carson,1338,724
2024,06037543100,Census Tract 5431,Carson,Los Angeles County,California,Carson,1894,343
2024,06037543304,Census Tract 5433.04,Carson,Los Angeles County,California,Carson,2270,608
2024,06037543306,Census Tract 5433.06,Carson,Los Angeles County,California,Carson,1879,568
2024,06037543321,Census Tract 5433.21,Carson,Los Angeles County,California,Carson,,
2024,06037543322,Census Tract 5433.22,Carson,Los Angeles County,California,Carson,2822,127
2024,06037543400,Census Tract 5434,Carson,Los Angeles County,California,Carson,2130,573
2024,06037543501,Census Tract 5435.01,Carson,Los Angeles County,California,Carson,1405,234
2024,06037543601,Census Tract 5436.01,Carson,Los Angeles County,California,Carson,1694,481
2024,06037543607,Census Tract 5436.07,Carson,Los Angeles County,California,Carson,2103,540
2024,06037543701,Census Tract 5437.01,Carson,Los Angeles County,California,Carson,2713,377
2024,06037543703,Census Tract 5437.03,Carson,Los Angeles County,California,Carson,1595,263
2024,06037543704,Census Tract 5437.04,Carson,Los Angeles County,California,Carson,1852,107
2024,06037543705,Census Tract 5437.05,Carson,Los Angeles County,California,Carson,1802,260
2024,06037543801,Census Tract 5438.01,Carson,Los Angeles County,California,Carson,1639,145
2024,06037543803,Census Tract 5438.03,Carson,Los Angeles County,California,Carson,1782,1104
2024,06037543804,Census Tract 5438.04,Carson,Los Angeles County,California,Carson,2038,431
2024,06037543903,Census Tract 5439.03,Carson,Los Angeles County,California,Carson,2531,1813
2024,06037543905,Census Tract 5439.05,Carson,Los Angeles County,California,Carson,2353,308
2024,06037544001,Census Tract 5440.01,Carson,Los Angeles County,California,Carson,1827,328
2024,06037544002,Census Tract 5440.02,Carson,Los Angeles County,California,Carson,1228,436
2024,06037980002,Census Tract 9800.02,Carson,Los Angeles County,California,Carson,,
2024,06037980025,Census Tract 9800.25,Carson,Los Angeles County,California,Carson,2384,103
2024,06037980037,Census Tract 9800.37,Carson,Los Angeles County,California,Carson,,
2024,06037920102,Census Tract 9201.02,Castaic,Los Angeles County,California,Castaic,1591,155
2024,06037920104,Census Tract 9201.04,Castaic,Los Angeles County,California,Castaic,,
2024,06037920116,Census Tract 9201.16,Castaic,Los Angeles County,California,Castaic,2500,1601
2024,06037920118,Census Tract 9201.18,Castaic,Los Angeles County,California,Castaic,2879,499
2024,06037920119,Census Tract 9201.19,Castaic,Los Angeles County,California,Castaic,3341,236
2024,06037554511,Census Tract 5545.11,Cerritos,Los Angeles County,California,Cerritos,3111,831
2024,06037554512,Census Tract 5545.12,Cerritos,Los Angeles County,California,Cerritos,3117,133
2024,06037554513,Census Tract 5545.13,Cerritos,Los Angeles County,California,Cerritos,2700,368
2024,06037554514,Census Tract 5545.14,Cerritos,Los Angeles County,California,Cerritos,2386,351
2024,06037554515,Census Tract 5545.15,Cerritos,Los Angeles County,California,Cerritos,2772,2073
2024,06037554516,Census Tract 5545.16,Cerritos,Los Angeles County,California,Cerritos,2750,261
2024,06037554517,Census Tract 5545.17,Cerritos,Los Angeles County,California,Cerritos,2428,170
2024,06037554518,Census Tract 5545.18,Cerritos,Los Angeles County,California,Cerritos,3214,483
2024,06037554519,Census Tract 5545.19,Cerritos,Los Angeles County,California,Cerritos,3501,
2024,06037554521,Census Tract 5545.21,Cerritos,Los Angeles County,California,Cerritos,2348,264
2024,06037554522,Census Tract 5545.22,Cerritos,Los Angeles County,California,Cerritos,2826,1139
2024,06037403702,Census Tract 4037.02,Charter Oak,Los Angeles County,California,CharterOak,1750,743
2024,06037403703,Census Tract 4037.03,Charter Oak,Los Angeles County,California,CharterOak,2475,908
2024,06037403721,Census Tract 4037.21,Charter Oak,Los Angeles County,California,CharterOak,1759,95
2024,06037403801,Census Tract 4038.01,Charter Oak,Los Angeles County,California,CharterOak,2013,246
2024,06037403802,Census Tract 4038.02,Charter Oak,Los Angeles County,California,CharterOak,1987,610
2024,06037400801,Census Tract 4008.01,Citrus,Los Angeles County,California,Citrus,2264,639
2024,06037403801,Census Tract 4038.01,Citrus,Los Angeles County,California,Citrus,2013,246
2024,06037403901,Census Tract 4039.01,Citrus,Los Angeles County,California,Citrus,2526,328
2024,06037404000,Census Tract 4040,Citrus,Los Angeles County,California,Citrus,2134,158
2024,06037404100,Census Tract 4041,Citrus,Los Angeles County,California,Citrus,1884,184
2024,06037404201,Census Tract 4042.01,Citrus,Los Angeles County,California,Citrus,1570,414
2024,06037404203,Census Tract 4042.03,Citrus,Los Angeles County,California,Citrus,1556,171
2024,06037405900,Census Tract 4059,Citrus,Los Angeles County,California,Citrus,1828,325
2024,06037400205,Census Tract 4002.05,Claremont,Los Angeles County,California,Claremont,3501,
2024,06037400206,Census Tract 4002.06,Claremont,Los Angeles County,California,Claremont,3234,185
2024,06037400209,Census Tract 4002.09,Claremont,Los Angeles County,California,Claremont,3212,154
2024,06037401705,Census Tract 4017.05,Claremont,Los Angeles County,California,Claremont,1056,365
2024,06037401801,Census Tract 4018.01,Claremont,Los Angeles County,California,Claremont,2140,227
2024,06037401802,Census Tract 4018.02,Claremont,Los Angeles County,California,Claremont,2307,320
2024,06037401901,Census Tract 4019.01,Claremont,Los Angeles County,California,Claremont,1434,256
2024,06037401902,Census Tract 4019.02,Claremont,Los Angeles County,California,Claremont,2054,362
2024,06037402001,Census Tract 4020.01,Claremont,Los Angeles County,California,Claremont,1919,201
2024,06037402002,Census Tract 4020.02,Claremont,Los Angeles County,California,Claremont,1959,908
2024,06037531302,Census Tract 5313.02,Commerce,Los Angeles County,California,Commerce,1408,227
2024,06037532302,Census Tract 5323.02,Commerce,Los Angeles County,California,Commerce,1413,229
2024,06037532303,Census Tract 5323.03,Commerce,Los Angeles County,California,Commerce,1512,352
2024,06037532304,Census Tract 5323.04,Commerce,Los Angeles County,California,Commerce,1343,416
2024,06037541100,Census Tract 5411,Compton,Los Angeles County,California,Compton,1263,259
2024,06037541200,Census Tract 5412,Compton,Los Angeles County,California,Compton,1715,158
2024,06037541300,Census Tract 5413,Compton,Los Angeles County,California,Compton,1883,1127
2024,06037541603,Census Tract 5416.03,Compton,Los Angeles County,California,Compton,1332,359
2024,06037541604,Census Tract 5416.04,Compton,Los Angeles County,California,Compton,1576,150
2024,06037541605,Census Tract 5416.05,Compton,Los Angeles County,California,Compton,1625,209
2024,06037541606,Census Tract 5416.06,Compton,Los Angeles County,California,Compton,1345,172
2024,06037541801,Census Tract 5418.01,Compton,Los Angeles County,California,Compton,1595,229
2024,06037541802,Census Tract 5418.02,Compton,Los Angeles County,California,Compton,1827,253
2024,06037542000,Census Tract 5420,Compton,Los Angeles County,California,Compton,1580,235
2024,06037542103,Census Tract 5421.03,Compton,Los Angeles County,California,Compton,1451,150
2024,06037542104,Census Tract 5421.04,Compton,Los Angeles County,California,Compton,1560,164
2024,06037542105,Census Tract 5421.05,Compton,Los Angeles County,California,Compton,1459,144
2024,06037542106,Census Tract 5421.06,Compton,Los Angeles County,California,Compton,1316,306
2024,06037542200,Census Tract 5422,Compton,Los Angeles County,California,Compton,1507,222
2024,06037542401,Census Tract 5424.01,Compton,Los Angeles County,California,Compton,1661,192
2024,06037542402,Census Tract 5424.02,Compton,Los Angeles County,California,Compton,1426,245
2024,06037542501,Census Tract 5425.01,Compton,Los Angeles County,California,Compton,1100,372
2024,06037542502,Census Tract 5425.02,Compton,Los Angeles County,California,Compton,1241,151
2024,06037542601,Census Tract 5426.01,Compton,Los Angeles County,California,Compton,1298,231
2024,06037542602,Census Tract 5426.02,Compton,Los Angeles County,California,Compton,1375,142
2024,06037542700,Census Tract 5427,Compton,Los Angeles County,California,Compton,1469,362
2024,06037542800,Census Tract 5428,Compton,Los Angeles County,California,Compton,2121,263
2024,06037542900,Census Tract 5429,Compton,Los Angeles County,California,Compton,1389,121
2024,06037543000,Census Tract 5430,Compton,Los Angeles County,California,Compton,1840,185
2024,06037543100,Census Tract 5431,Compton,Los Angeles County,California,Compton,1894,343
2024,06037543201,Census Tract 5432.01,Compton,Los Angeles County,California,Compton,1771,182
2024,06037543203,Census Tract 5432.03,Compton,Los Angeles County,California,Compton,1640,117
2024,06037543305,Census Tract 5433.05,Compton,Los Angeles County,California,Compton,1130,9
2024,06037403601,Census Tract 4036.01,Covina,Los Angeles County,California,Covina,2029,1492
2024,06037403702,Census Tract 4037.02,Covina,Los Angeles County,California,Covina,1750,743
2024,06037403703,Census Tract 4037.03,Covina,Los Angeles County,California,Covina,2475,908
2024,06037403721,Census Tract 4037.21,Covina,Los Angeles County,California,Covina,1759,95
2024,06037403722,Census Tract 4037.22,Covina,Los Angeles County,California,Covina,1775,62
2024,06037403801,Census Tract 4038.01,Covina,Los Angeles County,California,Covina,2013,246
2024,06037403802,Census Tract 4038.02,Covina,Los Angeles County,California,Covina,1987,610
2024,06037405400,Census Tract 4054,Covina,Los Angeles County,California,Covina,1462,291
2024,06037405701,Census Tract 4057.01,Covina,Los Angeles County,California,Covina,1790,146
2024,06037405702,Census Tract 4057.02,Covina,Los Angeles County,California,Covina,1648,110
2024,06037405800,Census Tract 4058,Covina,Los Angeles County,California,Covina,2191,69
2024,06037405900,Census Tract 4059,Covina,Los Angeles County,California,Covina,1828,325
2024,06037406000,Census Tract 4060,Covina,Los Angeles County,California,Covina,1908,237
2024,06037406101,Census Tract 4061.01,Covina,Los Angeles County,California,Covina,1610,140
2024,06037406103,Census Tract 4061.03,Covina,Los Angeles County,California,Covina,1644,90
2024,06037534301,Census Tract 5343.01,Cudahy,Los Angeles County,California,Cudahy,1440,114
2024,06037534302,Census Tract 5343.02,Cudahy,Los Angeles County,California,Cudahy,1660,89
2024,06037534403,Census Tract 5344.03,Cudahy,Los Angeles County,California,Cudahy,1686,79
2024,06037534404,Census Tract 5344.04,Cudahy,Los Angeles County,California,Cudahy,1406,108
2024,06037534405,Census Tract 5344.05,Cudahy,Los Angeles County,California,Cudahy,1711,116
2024,06037534406,Census Tract 5344.06,Cudahy,Los Angeles County,California,Cudahy,1510,221
2024,06037702400,Census Tract 7024,Culver City,Los Angeles County,California,CulverCity,2780,263
2024,06037702501,Census Tract 7025.01,Culver City,Los Angeles County,California,CulverCity,2654,266
2024,06037702502,Census Tract 7025.02,Culver City,Los Angeles County,California,CulverCity,2606,249
2024,06037702600,Census Tract 7026,Culver City,Los Angeles County,California,CulverCity,2590,305
2024,06037702700,Census Tract 7027,Culver City,Los Angeles County,California,CulverCity,2825,1669
2024,06037702801,Census Tract 7028.01,Culver City,Los Angeles County,California,CulverCity,2376,417
2024,06037702802,Census Tract 7028.02,Culver City,Los Angeles County,California,CulverCity,2370,159
2024,06037702803,Census Tract 7028.03,Culver City,Los Angeles County,California,CulverCity,2728,364
2024,06037703003,Census Tract 7030.03,Culver City,Los Angeles County,California,CulverCity,2668,169
2024,06037602201,Census Tract 6022.01,Del Aire,Los Angeles County,California,DelAire,3054,206
2024,06037602301,Census Tract 6023.01,Del Aire,Los Angeles County,California,DelAire,1665,143
2024,06037910215,Census Tract 9102.15,Desert View Highlands,Los Angeles County,California,DesertViewHighlands,1644,221
2024,06037910401,Census Tract 9104.01,Desert View Highlands,Los Angeles County,California,DesertViewHighlands,1959,206
2024,06037403305,Census Tract 4033.05,Diamond Bar,Los Angeles County,California,DiamondBar,2723,136
2024,06037403316,Census Tract 4033.16,Diamond Bar,Los Angeles County,California,DiamondBar,1901,175
2024,06037403319,Census Tract 4033.19,Diamond Bar,Los Angeles County,California,DiamondBar,2562,190
2024,06037403320,Census Tract 4033.20,Diamond Bar,Los Angeles County,California,DiamondBar,2449,241
2024,06037403321,Census Tract 4033.21,Diamond Bar,Los Angeles County,California,DiamondBar,1762,609
2024,06037403323,Census Tract 4033.23,Diamond Bar,Los Angeles County,California,DiamondBar,2687,420
2024,06037403324,Census Tract 4033.24,Diamond Bar,Los Angeles County,California,DiamondBar,2355,188
2024,06037403325,Census Tract 4033.25,Diamond Bar,Los Angeles County,California,DiamondBar,2046,630
2024,06037403326,Census Tract 4033.26,Diamond Bar,Los Angeles County,California,DiamondBar,2565,498
2024,06037403327,Census Tract 4033.27,Diamond Bar,Los Angeles County,California,DiamondBar,1819,161
2024,06037403328,Census Tract 4033.28,Diamond Bar,Los Angeles County,California,DiamondBar,2510,215
2024,06037408703,Census Tract 4087.03,Diamond Bar,Los Angeles County,California,DiamondBar,3354,812
2024,06037408707,Census Tract 4087.07,Diamond Bar,Los Angeles County,California,DiamondBar,2132,278
2024,06037550501,Census Tract 5505.01,Downey,Los Angeles County,California,Downey,1755,149
2024,06037550502,Census Tract 5505.02,Downey,Los Angeles County,California,Downey,2327,306
2024,06037550601,Census Tract 5506.01,Downey,Los Angeles County,California,Downey,1792,60
2024,06037550602,Census Tract 5506.02,Downey,Los Angeles County,California,Downey,2580,264
2024,06037550700,Census Tract 5507,Downey,Los Angeles County,California,Downey,1901,517
2024,06037550801,Census Tract 5508.01,Downey,Los Angeles County,California,Downey,1588,195
2024,06037550802,Census Tract 5508.02,Downey,Los Angeles County,California,Downey,1692,340
2024,06037550901,Census Tract 5509.01,Downey,Los Angeles County,California,Downey,1727,144
2024,06037550902,Census Tract 5509.02,Downey,Los Angeles County,California,Downey,1942,104
2024,06037551001,Census Tract 5510.01,Downey,Los Angeles County,California,Downey,1546,620
2024,06037551002,Census Tract 5510.02,Downey,Los Angeles County,California,Downey,2113,143
2024,06037551101,Census Tract 5511.01,Downey,Los Angeles County,California,Downey,1613,209
2024,06037551102,Census Tract 5511.02,Downey,Los Angeles County,California,Downey,1722,71
2024,06037551201,Census Tract 5512.01,Downey,Los Angeles County,California,Downey,1883,166
2024,06037551203,Census Tract 5512.03,Downey,Los Angeles County,California,Downey,1853,277
2024,06037551204,Census Tract 5512.04,Downey,Los Angeles County,California,Downey,1608,145
2024,06037551300,Census Tract 5513,Downey,Los Angeles County,California,Downey,1745,91
2024,06037551401,Census Tract 5514.01,Downey,Los Angeles County,California,Downey,1749,196
2024,06037551402,Census Tract 5514.02,Downey,Los Angeles County,California,Downey,1862,94
2024,06037551501,Census Tract 5515.01,Downey,Los Angeles County,California,Downey,2069,223
2024,06037551502,Census Tract 5515.02,Downey,Los Angeles County,California,Downey,1813,171
2024,06037551700,Census Tract 5517,Downey,Los Angeles County,California,Downey,1594,326
2024,06037551801,Census Tract 5518.01,Downey,Los Angeles County,California,Downey,1860,240
2024,06037551802,Census Tract 5518.02,Downey,Los Angeles County,California,Downey,1908,107
2024,06037553400,Census Tract 5534,Downey,Los Angeles County,California,Downey,1696,93
2024,06037577800,Census Tract 5778,Downey,Los Angeles County,California,Downey,1818,117
2024,06037980012,Census Tract 9800.12,Downey,Los Angeles County,California,Downey,,
2024,06037430003,Census Tract 4300.03,Duarte,Los Angeles County,California,Duarte,3315,508
2024,06037430004,Census Tract 4300.04,Duarte,Los Angeles County,California,Duarte,1980,253
2024,06037430005,Census Tract 4300.05,Duarte,Los Angeles County,California,Duarte,3030,979
2024,06037430101,Census Tract 4301.01,Duarte,Los Angeles County,California,Duarte,1416,139
2024,06037430102,Census Tract 4301.02,Duarte,Los Angeles County,California,Duarte,1699,487
2024,06037530202,Census Tract 5302.02,East Los Angeles,Los Angeles County,California,EastLosAngeles,1726,103
2024,06037530301,Census Tract 5303.01,East Los Angeles,Los Angeles County,California,EastLosAngeles,1422,260
2024,06037530302,Census Tract 5303.02,East Los Angeles,Los Angeles County,California,EastLosAngeles,1232,191
2024,06037530400,Census Tract 5304,East Los Angeles,Los Angeles County,California,EastLosAngeles,868,340
2024,06037530500,Census Tract 5305,East Los Angeles,Los Angeles County,California,EastLosAngeles,1174,200
2024,06037530603,Census Tract 5306.03,East Los Angeles,Los Angeles County,California,EastLosAngeles,1435,174
2024,06037530700,Census Tract 5307,East Los Angeles,Los Angeles County,California,EastLosAngeles,1350,126
2024,06037530801,Census Tract 5308.01,East Los Angeles,Los Angeles County,California,EastLosAngeles,1536,206
2024,06037530802,Census Tract 5308.02,East Los Angeles,Los Angeles County,California,EastLosAngeles,1680,198
2024,06037530901,Census Tract 5309.01,East Los Angeles,Los Angeles County,California,EastLosAngeles,1517,229
2024,06037530902,Census Tract 5309.02,East Los Angeles,Los Angeles County,California,EastLosAngeles,1020,454
2024,06037531000,Census Tract 5310,East Los Angeles,Los Angeles County,California,EastLosAngeles,1305,201
2024,06037531101,Census Tract 5311.01,East Los Angeles,Los Angeles County,California,EastLosAngeles,1670,188
2024,06037531102,Census Tract 5311.02,East Los Angeles,Los Angeles County,California,EastLosAngeles,1090,246
2024,06037531201,Census Tract 5312.01,East Los Angeles,Los Angeles County,California,EastLosAngeles,1480,232
2024,06037531202,Census Tract 5312.02,East Los Angeles,Los Angeles County,California,EastLosAngeles,1112,128
2024,06037531301,Census Tract 5313.01,East Los Angeles,Los Angeles County,California,EastLosAngeles,1411,99
2024,06037531302,Census Tract 5313.02,East Los Angeles,Los Angeles County,California,EastLosAngeles,1408,227
2024,06037531502,Census Tract 5315.02,East Los Angeles,Los Angeles County,California,EastLosAngeles,1328,209
2024,06037531503,Census Tract 5315.03,East Los Angeles,Los Angeles County,California,EastLosAngeles,1379,133
2024,06037531504,Census Tract 5315.04,East Los Angeles,Los Angeles County,California,EastLosAngeles,1562,165
2024,06037531602,Census Tract 5316.02,East Los Angeles,Los Angeles County,California,EastLosAngeles,1417,134
2024,06037531603,Census Tract 5316.03,East Los Angeles,Los Angeles County,California,EastLosAngeles,1190,127
2024,06037531604,Census Tract 5316.04,East Los Angeles,Los Angeles County,California,EastLosAngeles,1394,127
2024,06037531701,Census Tract 5317.01,East Los Angeles,Los Angeles County,California,EastLosAngeles,1388,148
2024,06037531702,Census Tract 5317.02,East Los Angeles,Los Angeles County,California,EastLosAngeles,1296,136
2024,06037531800,Census Tract 5318,East Los Angeles,Los Angeles County,California,EastLosAngeles,1346,68
2024,06037531901,Census Tract 5319.01,East Los Angeles,Los Angeles County,California,EastLosAngeles,1365,169
2024,06037531902,Census Tract 5319.02,East Los Angeles,Los Angeles County,California,EastLosAngeles,1399,85
2024,06037463103,Census Tract 4631.03,East Pasadena,Los Angeles County,California,EastPasadena,2161,372
2024,06037541802,Census Tract 5418.02,East Rancho Dominguez,Los Angeles County,California,EastRanchoDominguez,1827,253
2024,06037542000,Census Tract 5420,East Rancho Dominguez,Los Angeles County,California,EastRanchoDominguez,1580,235
2024,06037542103,Census Tract 5421.03,East Rancho Dominguez,Los Angeles County,California,EastRanchoDominguez,1451,150
2024,06037542104,Census Tract 5421.04,East Rancho Dominguez,Los Angeles County,California,EastRanchoDominguez,1560,164
2024,06037542105,Census Tract 5421.05,East Rancho Dominguez,Los Angeles County,California,EastRanchoDominguez,1459,144
2024,06037542106,Census Tract 5421.06,East Rancho Dominguez,Los Angeles County,California,EastRanchoDominguez,1316,306
2024,06037542200,Census Tract 5422,East Rancho Dominguez,Los Angeles County,California,EastRanchoDominguez,1507,222
2024,06037431800,Census Tract 4318,East San Gabriel,Los Angeles County,California,EastSanGabriel,1973,192
2024,06037480002,Census Tract 4800.02,East San Gabriel,Los Angeles County,California,EastSanGabriel,3458,905
2024,06037480011,Census Tract 4800.11,East San Gabriel,Los Angeles County,California,EastSanGabriel,1828,132
2024,06037480012,Census Tract 4800.12,East San Gabriel,Los Angeles County,California,EastSanGabriel,1742,70
2024,06037480102,Census Tract 4801.02,East San Gabriel,Los Angeles County,California,EastSanGabriel,2281,352
2024,06037481102,Census Tract 4811.02,East San Gabriel,Los Angeles County,California,EastSanGabriel,1814,116
2024,06037481203,Census Tract 4812.03,East San Gabriel,Los Angeles County,California,EastSanGabriel,1697,99
2024,06037503701,Census Tract 5037.01,East Whittier,Los Angeles County,California,EastWhittier,1658,118
2024,06037503702,Census Tract 5037.02,East Whittier,Los Angeles County,California,EastWhittier,1736,130
2024,06037901210,Census Tract 9012.10,Elizabeth Lake,Los Angeles County,California,ElizabethLake,1859,194
2024,06037901217,Census Tract 9012.17,Elizabeth Lake,Los Angeles County,California,ElizabethLake,,
2024,06037920102,Census Tract 9201.02,Elizabeth Lake,Los Angeles County,California,ElizabethLake,1591,155
2024,06037431501,Census Tract 4315.01,El Monte,Los Angeles County,California,ElMonte,1865,282
2024,06037431502,Census Tract 4315.02,El Monte,Los Angeles County,California,ElMonte,1969,239
2024,06037432101,Census Tract 4321.01,El Monte,Los Angeles County,California,ElMonte,2488,565
2024,06037432102,Census Tract 4321.02,El Monte,Los Angeles County,California,ElMonte,2867,1011
2024,06037432300,Census Tract 4323,El Monte,Los Angeles County,California,ElMonte,2104,216
2024,06037432401,Census Tract 4324.01,El Monte,Los Angeles County,California,ElMonte,1733,67
2024,06037432402,Census Tract 4324.02,El Monte,Los Angeles County,California,ElMonte,1576,133
2024,06037432501,Census Tract 4325.01,El Monte,Los Angeles County,California,ElMonte,1455,317
2024,06037432502,Census Tract 4325.02,El Monte,Los Angeles County,California,ElMonte,2104,156
2024,06037432601,Census Tract 4326.01,El Monte,Los Angeles County,California,ElMonte,1718,226
2024,06037432602,Census Tract 4326.02,El Monte,Los Angeles County,California,ElMonte,1790,94
2024,06037432700,Census Tract 4327,El Monte,Los Angeles County,California,ElMonte,1399,257
2024,06037432801,Census Tract 4328.01,El Monte,Los Angeles County,California,ElMonte,900,184
2024,06037432802,Census Tract 4328.02,El Monte,Los Angeles County,California,ElMonte,1651,56
2024,06037432902,Census Tract 4329.02,El Monte,Los Angeles County,California,ElMonte,1753,231
2024,06037433103,Census Tract 4331.03,El Monte,Los Angeles County,California,ElMonte,1546,150
2024,06037433200,Census Tract 4332,El Monte,Los Angeles County,California,ElMonte,1377,108
2024,06037433302,Census Tract 4333.02,El Monte,Los Angeles County,California,ElMonte,1438,109
2024,06037433304,Census Tract 4333.04,El Monte,Los Angeles County,California,ElMonte,1472,180
2024,06037433305,Census Tract 4333.05,El Monte,Los Angeles County,California,ElMonte,1713,97
2024,06037433306,Census Tract 4333.06,El Monte,Los Angeles County,California,ElMonte,1509,202
2024,06037433307,Census Tract 4333.07,El Monte,Los Angeles County,California,ElMonte,1979,208
2024,06037433402,Census Tract 4334.02,El Monte,Los Angeles County,California,ElMonte,1568,125
2024,06037433403,Census Tract 4334.03,El Monte,Los Angeles County,California,ElMonte,1462,97
2024,06037433505,Census Tract 4335.05,El Monte,Los Angeles County,California,ElMonte,1217,132
2024,06037433901,Census Tract 4339.01,El Monte,Los Angeles County,California,ElMonte,1567,141
2024,06037433903,Census Tract 4339.03,El Monte,Los Angeles County,California,ElMonte,1640,122
2024,06037434001,Census Tract 4340.01,El Monte,Los Angeles County,California,ElMonte,1975,235
2024,06037434003,Census Tract 4340.03,El Monte,Los Angeles County,California,ElMonte,1813,184
2024,06037620001,Census Tract 6200.01,El Segundo,Los Angeles County,California,ElSegundo,2189,137
2024,06037620002,Census Tract 6200.02,El Segundo,Los Angeles County,California,ElSegundo,2727,231
2024,06037620101,Census Tract 6201.01,El Segundo,Los Angeles County,California,ElSegundo,2316,478
2024,06037620102,Census Tract 6201.02,El Segundo,Los Angeles County,California,ElSegundo,2522,224
2024,06037980013,Census Tract 9800.13,El Segundo,Los Angeles County,California,ElSegundo,,
2024,06037980030,Census Tract 9800.30,El Segundo,Los Angeles County,California,ElSegundo,,
2024,06037990200,Census Tract 9902,El Segundo,Los Angeles County,California,ElSegundo,,
2024,06037532700,Census Tract 5327,Florence-Graham,Los Angeles County,California,Florence-Graham,1351,202
2024,06037532800,Census Tract 5328,Florence-Graham,Los Angeles County,California,Florence-Graham,1284,194
2024,06037532900,Census Tract 5329,Florence-Graham,Los Angeles County,California,Florence-Graham,1189,91
2024,06037533001,Census Tract 5330.01,Florence-Graham,Los Angeles County,California,Florence-Graham,1317,180
2024,06037533002,Census Tract 5330.02,Florence-Graham,Los Angeles County,California,Florence-Graham,1294,138
2024,06037534900,Census Tract 5349,Florence-Graham,Los Angeles County,California,Florence-Graham,1441,138
2024,06037535001,Census Tract 5350.01,Florence-Graham,Los Angeles County,California,Florence-Graham,1455,217
2024,06037535002,Census Tract 5350.02,Florence-Graham,Los Angeles County,California,Florence-Graham,1185,79
2024,06037535101,Census Tract 5351.01,Florence-Graham,Los Angeles County,California,Florence-Graham,1561,184
2024,06037535102,Census Tract 5351.02,Florence-Graham,Los Angeles County,California,Florence-Graham,1566,188
2024,06037535200,Census Tract 5352,Florence-Graham,Los Angeles County,California,Florence-Graham,1615,288
2024,06037535300,Census Tract 5353,Florence-Graham,Los Angeles County,California,Florence-Graham,1467,288
2024,06037535400,Census Tract 5354,Florence-Graham,Los Angeles County,California,Florence-Graham,1493,137
2024,06037602601,Census Tract 6026.01,Gardena,Los Angeles County,California,Gardena,1744,182
2024,06037602602,Census Tract 6026.02,Gardena,Los Angeles County,California,Gardena,1630,247
2024,06037602900,Census Tract 6029,Gardena,Los Angeles County,California,Gardena,1130,683
2024,06037603004,Census Tract 6030.04,Gardena,Los Angeles County,California,Gardena,1625,127
2024,06037603005,Census Tract 6030.05,Gardena,Los Angeles County,California,Gardena,1802,178
2024,06037603006,Census Tract 6030.06,Gardena,Los Angeles County,California,Gardena,1539,207
2024,06037603007,Census Tract 6030.07,Gardena,Los Angeles County,California,Gardena,1769,148
2024,06037603008,Census Tract 6030.08,Gardena,Los Angeles County,California,Gardena,1439,751
2024,06037603101,Census Tract 6031.01,Gardena,Los Angeles County,California,Gardena,1882,169
2024,06037603102,Census Tract 6031.02,Gardena,Los Angeles County,California,Gardena,1794,180
2024,06037603200,Census Tract 6032,Gardena,Los Angeles County,California,Gardena,1808,358
2024,06037603301,Census Tract 6033.01,Gardena,Los Angeles County,California,Gardena,1699,145
2024,06037603302,Census Tract 6033.02,Gardena,Los Angeles County,California,Gardena,1885,174
2024,06037603400,Census Tract 6034,Gardena,Los Angeles County,California,Gardena,1702,143
2024,06037603500,Census Tract 6035,Gardena,Los Angeles County,California,Gardena,1958,474
2024,06037603600,Census Tract 6036,Gardena,Los Angeles County,California,Gardena,1595,238
2024,06037300301,Census Tract 3003.01,Glendale,Los Angeles County,California,Glendale,3190,251
2024,06037300400,Census Tract 3004,Glendale,Los Angeles County,California,Glendale,2419,714
2024,06037300601,Census Tract 3006.01,Glendale,Los Angeles County,California,Glendale,2215,131
2024,06037300602,Census Tract 3006.02,Glendale,Los Angeles County,California,Glendale,2302,565
2024,06037300701,Census Tract 3007.01,Glendale,Los Angeles County,California,Glendale,2340,262
2024,06037300702,Census Tract 3007.02,Glendale,Los Angeles County,California,Glendale,3019,1807
2024,06037300800,Census Tract 3008,Glendale,Los Angeles County,California,Glendale,2130,290
2024,06037300901,Census Tract 3009.01,Glendale,Los Angeles County,California,Glendale,2989,690
2024,06037300902,Census Tract 3009.02,Glendale,Los Angeles County,California,Glendale,3501,
2024,06037301000,Census Tract 3010,Glendale,Los Angeles County,California,Glendale,1825,134
2024,06037301100,Census Tract 3011,Glendale,Los Angeles County,California,Glendale,1987,199
2024,06037301203,Census Tract 3012.03,Glendale,Los Angeles County,California,Glendale,2078,203
2024,06037301204,Census Tract 3012.04,Glendale,Los Angeles County,California,Glendale,2276,125
2024,06037301205,Census Tract 3012.05,Glendale,Los Angeles County,California,Glendale,2403,542
2024,06037301206,Census Tract 3012.06,Glendale,Los Angeles County,California,Glendale,2129,120
2024,06037301300,Census Tract 3013,Glendale,Los Angeles County,California,Glendale,,
2024,06037301400,Census Tract 3014,Glendale,Los Angeles County,California,Glendale,3051,1451
2024,06037301501,Census Tract 3015.01,Glendale,Los Angeles County,California,Glendale,2288,1371
2024,06037301502,Census Tract 3015.02,Glendale,Los Angeles County,California,Glendale,2149,81
2024,06037301601,Census Tract 3016.01,Glendale,Los Angeles County,California,Glendale,1866,166
2024,06037301602,Census Tract 3016.02,Glendale,Los Angeles County,California,Glendale,1679,118
2024,06037301701,Census Tract 3017.01,Glendale,Los Angeles County,California,Glendale,1813,315
2024,06037301702,Census Tract 3017.02,Glendale,Los Angeles County,California,Glendale,1883,237
2024,06037301801,Census Tract 3018.01,Glendale,Los Angeles County,California,Glendale,2427,184
2024,06037301802,Census Tract 3018.02,Glendale,Los Angeles County,California,Glendale,2297,112
2024,06037301901,Census Tract 3019.01,Glendale,Los Angeles County,California,Glendale,2391,189
2024,06037301902,Census Tract 3019.02,Glendale,Los Angeles County,California,Glendale,2354,671
2024,06037302002,Census Tract 3020.02,Glendale,Los Angeles County,California,Glendale,1778,242
2024,06037302003,Census Tract 3020.03,Glendale,Los Angeles County,California,Glendale,1981,210
2024,06037302004,Census Tract 3020.04,Glendale,Los Angeles County,California,Glendale,1785,173
2024,06037302102,Census Tract 3021.02,Glendale,Los Angeles County,California,Glendale,1945,191
2024,06037302103,Census Tract 3021.03,Glendale,Los Angeles County,California,Glendale,1761,119
2024,06037302104,Census Tract 3021.04,Glendale,Los Angeles County,California,Glendale,1908,123
2024,06037302201,Census Tract 3022.01,Glendale,Los Angeles County,California,Glendale,1749,151
2024,06037302202,Census Tract 3022.02,Glendale,Los Angeles County,California,Glendale,1740,73
2024,06037302301,Census Tract 3023.01,Glendale,Los Angeles County,California,Glendale,2203,121
2024,06037302302,Census Tract 3023.02,Glendale,Los Angeles County,California,Glendale,1841,110
2024,06037302401,Census Tract 3024.01,Glendale,Los Angeles County,California,Glendale,1893,130
2024,06037302503,Census Tract 3025.03,Glendale,Los Angeles County,California,Glendale,1785,77
2024,06037302504,Census Tract 3025.04,Glendale,Los Angeles County,California,Glendale,1712,72
2024,06037302505,Census Tract 3025.05,Glendale,Los Angeles County,California,Glendale,1651,102
2024,06037302506,Census Tract 3025.06,Glendale,Los Angeles County,California,Glendale,1842,188
2024,06037400402,Census Tract 4004.02,Glendora,Los Angeles County,California,Glendora,2127,174
2024,06037400404,Census Tract 4004.04,Glendora,Los Angeles County,California,Glendora,3221,838
2024,06037400501,Census Tract 4005.01,Glendora,Los Angeles County,California,Glendora,1210,437
2024,06037400801,Census Tract 4008.01,Glendora,Los Angeles County,California,Glendora,2264,639
2024,06037401001,Census Tract 4010.01,Glendora,Los Angeles County,California,Glendora,2872,468
2024,06037401002,Census Tract 4010.02,Glendora,Los Angeles County,California,Glendora,2076,228
2024,06037401101,Census Tract 4011.01,Glendora,Los Angeles County,California,Glendora,1742,81
2024,06037401102,Census Tract 4011.02,Glendora,Los Angeles County,California,Glendora,2185,99
2024,06037401201,Census Tract 4012.01,Glendora,Los Angeles County,California,Glendora,2816,653
2024,06037401202,Census Tract 4012.02,Glendora,Los Angeles County,California,Glendora,2233,288
2024,06037401203,Census Tract 4012.03,Glendora,Los Angeles County,California,Glendora,2144,278
2024,06037401311,Census Tract 4013.11,Glendora,Los Angeles County,California,Glendora,2068,110
2024,06037403901,Census Tract 4039.01,Glendora,Los Angeles County,California,Glendora,2526,328
2024,06037403902,Census Tract 4039.02,Glendora,Los Angeles County,California,Glendora,2049,166
2024,06037404000,Census Tract 4040,Glendora,Los Angeles County,California,Glendora,2134,158
2024,06037920050,Census Tract 9200.50,Green Valley (Los Angeles County),Los Angeles County,California,GreenValley(LosAngelesCounty),1206,299
2024,06037920102,Census Tract 9201.02,Green Valley (Los Angeles County),Los Angeles County,California,GreenValley(LosAngelesCounty),1591,155
2024,06037408401,Census Tract 4084.01,Hacienda Heights,Los Angeles County,California,HaciendaHeights,1804,210
2024,06037408402,Census Tract 4084.02,Hacienda Heights,Los Angeles County,California,HaciendaHeights,2255,626
2024,06037408503,Census Tract 4085.03,Hacienda Heights,Los Angeles County,California,HaciendaHeights,3024,962
2024,06037408504,Census Tract 4085.04,Hacienda Heights,Los Angeles County,California,HaciendaHeights,2165,235
2024,06037408505,Census Tract 4085.05,Hacienda Heights,Los Angeles County,California,HaciendaHeights,3125,292
2024,06037408623,Census Tract 4086.23,Hacienda Heights,Los Angeles County,California,HaciendaHeights,2253,219
2024,06037408624,Census Tract 4086.24,Hacienda Heights,Los Angeles County,California,HaciendaHeights,1961,1255
2024,06037408625,Census Tract 4086.25,Hacienda Heights,Los Angeles County,California,HaciendaHeights,2972,835
2024,06037408627,Census Tract 4086.27,Hacienda Heights,Los Angeles County,California,HaciendaHeights,3230,119
2024,06037408628,Census Tract 4086.28,Hacienda Heights,Los Angeles County,California,HaciendaHeights,1870,281
2024,06037408629,Census Tract 4086.29,Hacienda Heights,Los Angeles County,California,HaciendaHeights,2317,2042
2024,06037408631,Census Tract 4086.31,Hacienda Heights,Los Angeles County,California,HaciendaHeights,2155,177
2024,06037409100,Census Tract 4091,Hacienda Heights,Los Angeles County,California,HaciendaHeights,1852,176
2024,06037500202,Census Tract 5002.02,Hacienda Heights,Los Angeles County,California,HaciendaHeights,2194,1910
2024,06037501600,Census Tract 5016,Hacienda Heights,Los Angeles County,California,HaciendaHeights,1714,182
2024,06037980035,Census Tract 9800.35,Hacienda Heights,Los Angeles County,California,HaciendaHeights,968,41
2024,06037920104,Census Tract 9201.04,Hasley Canyon,Los Angeles County,California,HasleyCanyon,,
2024,06037920106,Census Tract 9201.06,Hasley Canyon,Los Angeles County,California,HasleyCanyon,1315,153
2024,06037920116,Census Tract 9201.16,Hasley Canyon,Los Angeles County,California,HasleyCanyon,2500,1601
2024,06037920119,Census Tract 9201.19,Hasley Canyon,Los Angeles County,California,HasleyCanyon,3341,236
2024,06037555106,Census Tract 5551.06,Hawaiian Gardens,Los Angeles County,California,HawaiianGardens,995,375
2024,06037555211,Census Tract 5552.11,Hawaiian Gardens,Los Angeles County,California,HawaiianGardens,1556,161
2024,06037555212,Census Tract 5552.12,Hawaiian Gardens,Los Angeles County,California,HawaiianGardens,1861,294
2024,06037601600,Census Tract 6016,Hawthorne,Los Angeles County,California,Hawthorne,1176,59
2024,06037601700,Census Tract 6017,Hawthorne,Los Angeles County,California,Hawthorne,1433,89
2024,06037602002,Census Tract 6020.02,Hawthorne,Los Angeles County,California,Hawthorne,1713,73
2024,06037602103,Census Tract 6021.03,Hawthorne,Los Angeles County,California,Hawthorne,1804,126
2024,06037602104,Census Tract 6021.04,Hawthorne,Los Angeles County,California,Hawthorne,1778,78
2024,06037602105,Census Tract 6021.05,Hawthorne,Los Angeles County,California,Hawthorne,1563,186
2024,06037602106,Census Tract 6021.06,Hawthorne,Los Angeles County,California,Hawthorne,1497,116
2024,06037602201,Census Tract 6022.01,Hawthorne,Los Angeles County,California,Hawthorne,3054,206
2024,06037602202,Census Tract 6022.02,Hawthorne,Los Angeles County,California,Hawthorne,1638,108
2024,06037602301,Census Tract 6023.01,Hawthorne,Los Angeles County,California,Hawthorne,1665,143
2024,06037602302,Census Tract 6023.02,Hawthorne,Los Angeles County,California,Hawthorne,3501,
2024,06037602402,Census Tract 6024.02,Hawthorne,Los Angeles County,California,Hawthorne,1866,141
2024,06037602403,Census Tract 6024.03,Hawthorne,Los Angeles County,California,Hawthorne,1693,127
2024,06037602404,Census Tract 6024.04,Hawthorne,Los Angeles County,California,Hawthorne,1702,74
2024,06037602504,Census Tract 6025.04,Hawthorne,Los Angeles County,California,Hawthorne,1644,62
2024,06037602505,Census Tract 6025.05,Hawthorne,Los Angeles County,California,Hawthorne,1637,59
2024,06037602506,Census Tract 6025.06,Hawthorne,Los Angeles County,California,Hawthorne,1700,111
2024,06037602507,Census Tract 6025.07,Hawthorne,Los Angeles County,California,Hawthorne,1690,56
2024,06037602510,Census Tract 6025.10,Hawthorne,Los Angeles County,California,Hawthorne,1522,140
2024,06037602511,Census Tract 6025.11,Hawthorne,Los Angeles County,California,Hawthorne,1684,140
2024,06037602513,Census Tract 6025.13,Hawthorne,Los Angeles County,California,Hawthorne,1701,119
2024,06037602700,Census Tract 6027,Hawthorne,Los Angeles County,California,Hawthorne,1977,581
2024,06037603702,Census Tract 6037.02,Hawthorne,Los Angeles County,California,Hawthorne,2481,466
2024,06037603703,Census Tract 6037.03,Hawthorne,Los Angeles County,California,Hawthorne,3501,
2024,06037603705,Census Tract 6037.05,Hawthorne,Los Angeles County,California,Hawthorne,1783,90
2024,06037621001,Census Tract 6210.01,Hermosa Beach,Los Angeles County,California,HermosaBeach,2566,335
2024,06037621005,Census Tract 6210.05,Hermosa Beach,Los Angeles County,California,HermosaBeach,2859,355
2024,06037621102,Census Tract 6211.02,Hermosa Beach,Los Angeles County,California,HermosaBeach,3501,
2024,06037621104,Census Tract 6211.04,Hermosa Beach,Los Angeles County,California,HermosaBeach,2818,237
2024,06037621204,Census Tract 6212.04,Hermosa Beach,Los Angeles County,California,HermosaBeach,2858,386
2024,06037990200,Census Tract 9902,Hermosa Beach,Los Angeles County,California,HermosaBeach,,
2024,06037800206,Census Tract 8002.06,Hidden Hills,Los Angeles County,California,HiddenHills,2796,174
2024,06037532500,Census Tract 5325,Huntington Park,Los Angeles County,California,HuntingtonPark,1379,119
2024,06037532605,Census Tract 5326.05,Huntington Park,Los Angeles County,California,HuntingtonPark,1401,202
2024,06037532606,Census Tract 5326.06,Huntington Park,Los Angeles County,California,HuntingtonPark,1314,85
2024,06037532607,Census Tract 5326.07,Huntington Park,Los Angeles County,California,HuntingtonPark,1229,93
2024,06037533103,Census Tract 5331.03,Huntington Park,Los Angeles County,California,HuntingtonPark,1441,126
2024,06037533104,Census Tract 5331.04,Huntington Park,Los Angeles County,California,HuntingtonPark,1248,97
2024,06037533105,Census Tract 5331.05,Huntington Park,Los Angeles County,California,HuntingtonPark,1614,135
2024,06037533108,Census Tract 5331.08,Huntington Park,Los Angeles County,California,HuntingtonPark,1371,84
2024,06037533201,Census Tract 5332.01,Huntington Park,Los Angeles County,California,HuntingtonPark,1440,282
2024,06037533204,Census Tract 5332.04,Huntington Park,Los Angeles County,California,HuntingtonPark,1283,413
2024,06037533501,Census Tract 5335.01,Huntington Park,Los Angeles County,California,HuntingtonPark,1390,175
2024,06037533504,Census Tract 5335.04,Huntington Park,Los Angeles County,California,HuntingtonPark,1443,70
2024,06037534501,Census Tract 5345.01,Huntington Park,Los Angeles County,California,HuntingtonPark,1408,76
2024,06037534502,Census Tract 5345.02,Huntington Park,Los Angeles County,California,HuntingtonPark,1432,254
2024,06037403326,Census Tract 4033.26,Industry,Los Angeles County,California,Industry,2565,498
2024,06037403327,Census Tract 4033.27,Industry,Los Angeles County,California,Industry,1819,161
2024,06037407002,Census Tract 4070.02,Industry,Los Angeles County,California,Industry,2250,253
2024,06037407701,Census Tract 4077.01,Industry,Los Angeles County,California,Industry,1578,143
2024,06037407802,Census Tract 4078.02,Industry,Los Angeles County,California,Industry,2233,656
2024,06037408212,Census Tract 4082.12,Industry,Los Angeles County,California,Industry,2539,409
2024,06037408301,Census Tract 4083.01,Industry,Los Angeles County,California,Industry,1566,183
2024,06037408302,Census Tract 4083.02,Industry,Los Angeles County,California,Industry,2305,256
2024,06037408303,Census Tract 4083.03,Industry,Los Angeles County,California,Industry,2111,1381
2024,06037408401,Census Tract 4084.01,Industry,Los Angeles County,California,Industry,1804,210
2024,06037408402,Census Tract 4084.02,Industry,Los Angeles County,California,Industry,2255,626
2024,06037433302,Census Tract 4333.02,Industry,Los Angeles County,California,Industry,1438,109
2024,06037500300,Census Tract 5003,Industry,Los Angeles County,California,Industry,1859,546
2024,06037980035,Census Tract 9800.35,Industry,Los Angeles County,California,Industry,968,41
2024,06037600501,Census Tract 6005.01,Inglewood,Los Angeles County,California,Inglewood,1616,137
2024,06037600601,Census Tract 6006.01,Inglewood,Los Angeles County,California,Inglewood,1724,286
2024,06037600602,Census Tract 6006.02,Inglewood,Los Angeles County,California,Inglewood,1653,154
2024,06037600702,Census Tract 6007.02,Inglewood,Los Angeles County,California,Inglewood,1626,228
2024,06037600703,Census Tract 6007.03,Inglewood,Los Angeles County,California,Inglewood,2154,642
2024,06037600704,Census Tract 6007.04,Inglewood,Los Angeles County,California,Inglewood,2179,170
2024,06037600801,Census Tract 6008.01,Inglewood,Los Angeles County,California,Inglewood,2139,247
2024,06037600802,Census Tract 6008.02,Inglewood,Los Angeles County,California,Inglewood,1266,243
2024,06037600902,Census Tract 6009.02,Inglewood,Los Angeles County,California,Inglewood,1634,110
2024,06037600911,Census Tract 6009.11,Inglewood,Los Angeles County,California,Inglewood,1818,201
2024,06037600912,Census Tract 6009.12,Inglewood,Los Angeles County,California,Inglewood,1408,155
2024,06037601001,Census Tract 6010.01,Inglewood,Los Angeles County,California,Inglewood,1428,135
2024,06037601002,Census Tract 6010.02,Inglewood,Los Angeles County,California,Inglewood,1642,229
2024,06037601100,Census Tract 6011,Inglewood,Los Angeles County,California,Inglewood,1767,78
2024,06037601202,Census Tract 6012.02,Inglewood,Los Angeles County,California,Inglewood,2029,337
2024,06037601211,Census Tract 6012.11,Inglewood,Los Angeles County,California,Inglewood,1687,107
2024,06037601212,Census Tract 6012.12,Inglewood,Los Angeles County,California,Inglewood,1472,113
2024,06037601301,Census Tract 6013.01,Inglewood,Los Angeles County,California,Inglewood,1808,150
2024,06037601302,Census Tract 6013.02,Inglewood,Los Angeles County,California,Inglewood,1800,166
2024,06037601303,Census Tract 6013.03,Inglewood,Los Angeles County,California,Inglewood,1645,158
2024,06037601401,Census Tract 6014.01,Inglewood,Los Angeles County,California,Inglewood,1425,180
2024,06037601402,Census Tract 6014.02,Inglewood,Los Angeles County,California,Inglewood,1429,138
2024,06037601501,Census Tract 6015.01,Inglewood,Los Angeles County,California,Inglewood,1508,132
2024,06037601700,Census Tract 6017,Inglewood,Los Angeles County,California,Inglewood,1433,89
2024,06037601801,Census Tract 6018.01,Inglewood,Los Angeles County,California,Inglewood,1632,128
2024,06037601802,Census Tract 6018.02,Inglewood,Los Angeles County,California,Inglewood,1430,72
2024,06037601900,Census Tract 6019,Inglewood,Los Angeles County,California,Inglewood,1575,187
2024,06037602003,Census Tract 6020.03,Inglewood,Los Angeles County,California,Inglewood,1775,241
2024,06037604200,Census Tract 6042,Inglewood,Los Angeles County,California,Inglewood,1444,155
2024,06037703002,Census Tract 7030.02,Inglewood,Los Angeles County,California,Inglewood,2771,639
2024,06037404600,Census Tract 4046,Irwindale,Los Angeles County,California,Irwindale,1494,900
2024,06037460501,Census Tract 4605.01,La Cañada Flintridge,Los Angeles County,California,LaCanadaFlintridge,3501,
2024,06037460502,Census Tract 4605.02,La Cañada Flintridge,Los Angeles County,California,LaCanadaFlintridge,3061,2219
2024,06037460601,Census Tract 4606.01,La Cañada Flintridge,Los Angeles County,California,LaCanadaFlintridge,2413,298
2024,06037460700,Census Tract 4607,La Cañada Flintridge,Los Angeles County,California,LaCanadaFlintridge,2783,1391
2024,06037300100,Census Tract 3001,La Crescenta-Montrose,Los Angeles County,California,LaCrescenta-Montrose,2302,702
2024,06037300200,Census Tract 3002,La Crescenta-Montrose,Los Angeles County,California,LaCrescenta-Montrose,1825,298
2024,06037300501,Census Tract 3005.01,La Crescenta-Montrose,Los Angeles County,California,LaCrescenta-Montrose,2505,1087
2024,06037300503,Census Tract 3005.03,La Crescenta-Montrose,Los Angeles County,California,LaCrescenta-Montrose,2094,380
2024,06037703002,Census Tract 7030.02,Ladera Heights,Los Angeles County,California,LaderaHeights,2771,639
2024,06037703003,Census Tract 7030.03,Ladera Heights,Los Angeles County,California,LaderaHeights,2668,169
2024,06037980038,Census Tract 9800.38,Ladera Heights,Los Angeles County,California,LaderaHeights,,
2024,06037408703,Census Tract 4087.03,La Habra Heights,Los Angeles County,California,LaHabraHeights,3354,812
2024,06037500100,Census Tract 5001,La Habra Heights,Los Angeles County,California,LaHabraHeights,3501,
2024,06037500204,Census Tract 5002.04,La Habra Heights,Los Angeles County,California,LaHabraHeights,,
2024,06037901209,Census Tract 9012.09,Lake Hughes,Los Angeles County,California,LakeHughes,1020,308
2024,06037920102,Census Tract 9201.02,Lake Hughes,Los Angeles County,California,LakeHughes,1591,155
2024,06037900102,Census Tract 9001.02,Lake Los Angeles,Los Angeles County,California,LakeLosAngeles,692,175
2024,06037900103,Census Tract 9001.03,Lake Los Angeles,Los Angeles County,California,LakeLosAngeles,1217,207
2024,06037900104,Census Tract 9001.04,Lake Los Angeles,Los Angeles County,California,LakeLosAngeles,1077,319
2024,06037555001,Census Tract 5550.01,Lakewood,Los Angeles County,California,Lakewood,1768,211
2024,06037555002,Census Tract 5550.02,Lakewood,Los Angeles County,California,Lakewood,1979,181
2024,06037555105,Census Tract 5551.05,Lakewood,Los Angeles County,California,Lakewood,2313,275
2024,06037555107,Census Tract 5551.07,Lakewood,Los Angeles County,California,Lakewood,1962,233
2024,06037570001,Census Tract 5700.01,Lakewood,Los Angeles County,California,Lakewood,1813,881
2024,06037570002,Census Tract 5700.02,Lakewood,Los Angeles County,California,Lakewood,1704,373
2024,06037570003,Census Tract 5700.03,Lakewood,Los Angeles County,California,Lakewood,2529,815
2024,06037570701,Census Tract 5707.01,Lakewood,Los Angeles County,California,Lakewood,2093,216
2024,06037570703,Census Tract 5707.03,Lakewood,Los Angeles County,California,Lakewood,2333,1228
2024,06037570800,Census Tract 5708,Lakewood,Los Angeles County,California,Lakewood,2422,281
2024,06037570901,Census Tract 5709.01,Lakewood,Los Angeles County,California,Lakewood,2938,523
2024,06037570902,Census Tract 5709.02,Lakewood,Los Angeles County,California,Lakewood,2526,199
2024,06037571000,Census Tract 5710,Lakewood,Los Angeles County,California,Lakewood,2424,238
2024,06037571101,Census Tract 5711.01,Lakewood,Los Angeles County,California,Lakewood,2711,253
2024,06037571102,Census Tract 5711.02,Lakewood,Los Angeles County,California,Lakewood,2444,372
2024,06037571300,Census Tract 5713,Lakewood,Los Angeles County,California,Lakewood,1953,1120
2024,06037571400,Census Tract 5714,Lakewood,Los Angeles County,California,Lakewood,1760,416
2024,06037572001,Census Tract 5720.01,Lakewood,Los Angeles County,California,Lakewood,1960,316
2024,06037573800,Census Tract 5738,Lakewood,Los Angeles County,California,Lakewood,2649,175
2024,06037503601,Census Tract 5036.01,La Mirada,Los Angeles County,California,LaMirada,2162,662
2024,06037503602,Census Tract 5036.02,La Mirada,Los Angeles County,California,LaMirada,2408,946
2024,06037503704,Census Tract 5037.04,La Mirada,Los Angeles County,California,LaMirada,1617,285
2024,06037503705,Census Tract 5037.05,La Mirada,Los Angeles County,California,LaMirada,1031,333
2024,06037503801,Census Tract 5038.01,La Mirada,Los Angeles County,California,LaMirada,2691,177
2024,06037503802,Census Tract 5038.02,La Mirada,Los Angeles County,California,LaMirada,2545,479
2024,06037503901,Census Tract 5039.01,La Mirada,Los Angeles County,California,LaMirada,3375,1763
2024,06037503902,Census Tract 5039.02,La Mirada,Los Angeles County,California,LaMirada,3133,519
2024,06037504001,Census Tract 5040.01,La Mirada,Los Angeles County,California,LaMirada,1608,1229
2024,06037504002,Census Tract 5040.02,La Mirada,Los Angeles County,California,LaMirada,2047,560
2024,06037504101,Census Tract 5041.01,La Mirada,Los Angeles County,California,LaMirada,1766,202
2024,06037900301,Census Tract 9003.01,Lancaster,Los Angeles County,California,Lancaster,,
2024,06037900501,Census Tract 9005.01,Lancaster,Los Angeles County,California,Lancaster,1884,237
2024,06037900504,Census Tract 9005.04,Lancaster,Los Angeles County,California,Lancaster,1742,120
2024,06037900505,Census Tract 9005.05,Lancaster,Los Angeles County,California,Lancaster,1355,293
2024,06037900506,Census Tract 9005.06,Lancaster,Los Angeles County,California,Lancaster,1437,131
2024,06037900508,Census Tract 9005.08,Lancaster,Los Angeles County,California,Lancaster,2069,320
2024,06037900509,Census Tract 9005.09,Lancaster,Los Angeles County,California,Lancaster,1367,104
2024,06037900510,Census Tract 9005.10,Lancaster,Los Angeles County,California,Lancaster,1297,756
2024,06037900602,Census Tract 9006.02,Lancaster,Los Angeles County,California,Lancaster,1238,565
2024,06037900606,Census Tract 9006.06,Lancaster,Los Angeles County,California,Lancaster,1356,828
2024,06037900607,Census Tract 9006.07,Lancaster,Los Angeles County,California,Lancaster,1632,147
2024,06037900608,Census Tract 9006.08,Lancaster,Los Angeles County,California,Lancaster,1441,282
2024,06037900609,Census Tract 9006.09,Lancaster,Los Angeles County,California,Lancaster,1109,664
2024,06037900610,Census Tract 9006.10,Lancaster,Los Angeles County,California,Lancaster,583,293
2024,06037900611,Census Tract 9006.11,Lancaster,Los Angeles County,California,Lancaster,1810,175
2024,06037900701,Census Tract 9007.01,Lancaster,Los Angeles County,California,Lancaster,1377,319
2024,06037900703,Census Tract 9007.03,Lancaster,Los Angeles County,California,Lancaster,1430,108
2024,06037900704,Census Tract 9007.04,Lancaster,Los Angeles County,California,Lancaster,1621,83
2024,06037900705,Census Tract 9007.05,Lancaster,Los Angeles County,California,Lancaster,1394,63
2024,06037900804,Census Tract 9008.04,Lancaster,Los Angeles County,California,Lancaster,1253,266
2024,06037900805,Census Tract 9008.05,Lancaster,Los Angeles County,California,Lancaster,1593,467
2024,06037900806,Census Tract 9008.06,Lancaster,Los Angeles County,California,Lancaster,927,189
2024,06037900807,Census Tract 9008.07,Lancaster,Los Angeles County,California,Lancaster,1647,165
2024,06037900808,Census Tract 9008.08,Lancaster,Los Angeles County,California,Lancaster,1235,228
2024,06037900901,Census Tract 9009.01,Lancaster,Los Angeles County,California,Lancaster,1454,221
2024,06037900902,Census Tract 9009.02,Lancaster,Los Angeles County,California,Lancaster,2176,1030
2024,06037901003,Census Tract 9010.03,Lancaster,Los Angeles County,California,Lancaster,,
2024,06037901007,Census Tract 9010.07,Lancaster,Los Angeles County,California,Lancaster,1420,206
2024,06037901008,Census Tract 9010.08,Lancaster,Los Angeles County,California,Lancaster,1789,276
2024,06037901009,Census Tract 9010.09,Lancaster,Los Angeles County,California,Lancaster,1964,168
2024,06037901010,Census Tract 9010.10,Lancaster,Los Angeles County,California,Lancaster,1559,247
2024,06037901011,Census Tract 9010.11,Lancaster,Los Angeles County,California,Lancaster,1982,189
2024,06037901012,Census Tract 9010.12,Lancaster,Los Angeles County,California,Lancaster,2385,222
2024,06037901013,Census Tract 9010.13,Lancaster,Los Angeles County,California,Lancaster,2146,298
2024,06037901014,Census Tract 9010.14,Lancaster,Los Angeles County,California,Lancaster,1527,266
2024,06037901101,Census Tract 9011.01,Lancaster,Los Angeles County,California,Lancaster,1423,203
2024,06037901102,Census Tract 9011.02,Lancaster,Los Angeles County,California,Lancaster,1499,229
2024,06037901214,Census Tract 9012.14,Lancaster,Los Angeles County,California,Lancaster,3173,169
2024,06037901215,Census Tract 9012.15,Lancaster,Los Angeles County,California,Lancaster,1068,93
2024,06037901216,Census Tract 9012.16,Lancaster,Los Angeles County,California,Lancaster,,
2024,06037901217,Census Tract 9012.17,Lancaster,Los Angeles County,California,Lancaster,,
2024,06037901300,Census Tract 9013,Lancaster,Los Angeles County,California,Lancaster,1299,203
2024,06037910211,Census Tract 9102.11,Lancaster,Los Angeles County,California,Lancaster,3501,
2024,06037406903,Census Tract 4069.03,La Puente,Los Angeles County,California,LaPuente,1636,208
2024,06037407002,Census Tract 4070.02,La Puente,Los Angeles County,California,LaPuente,2250,253
2024,06037407101,Census Tract 4071.01,La Puente,Los Angeles County,California,LaPuente,1502,383
2024,06037407102,Census Tract 4071.02,La Puente,Los Angeles County,California,LaPuente,1778,163
2024,06037407201,Census Tract 4072.01,La Puente,Los Angeles County,California,LaPuente,,
2024,06037407202,Census Tract 4072.02,La Puente,Los Angeles County,California,LaPuente,,
2024,06037407301,Census Tract 4073.01,La Puente,Los Angeles County,California,LaPuente,2373,376
2024,06037407501,Census Tract 4075.01,La Puente,Los Angeles County,California,LaPuente,1901,271
2024,06037407601,Census Tract 4076.01,La Puente,Los Angeles County,California,LaPuente,1703,356
2024,06037407602,Census Tract 4076.02,La Puente,Los Angeles County,California,LaPuente,1881,174
2024,06037407701,Census Tract 4077.01,La Puente,Los Angeles County,California,LaPuente,1578,143
2024,06037407702,Census Tract 4077.02,La Puente,Los Angeles County,California,LaPuente,2100,338
2024,06037400207,Census Tract 4002.07,La Verne,Los Angeles County,California,LaVerne,3501,
2024,06037400208,Census Tract 4002.08,La Verne,Los Angeles County,California,LaVerne,3294,486
2024,06037400209,Census Tract 4002.09,La Verne,Los Angeles County,California,LaVerne,3212,154
2024,06037401500,Census Tract 4015,La Verne,Los Angeles County,California,LaVerne,1908,138
2024,06037401601,Census Tract 4016.01,La Verne,Los Angeles County,California,LaVerne,2193,156
2024,06037401602,Census Tract 4016.02,La Verne,Los Angeles County,California,LaVerne,2134,205
2024,06037408900,Census Tract 4089,La Verne,Los Angeles County,California,LaVerne,1802,384
2024,06037603801,Census Tract 6038.01,Lawndale,Los Angeles County,California,Lawndale,1733,83
2024,06037603802,Census Tract 6038.02,Lawndale,Los Angeles County,California,Lawndale,2040,167
2024,06037603901,Census Tract 6039.01,Lawndale,Los Angeles County,California,Lawndale,1909,222
2024,06037603902,Census Tract 6039.02,Lawndale,Los Angeles County,California,Lawndale,1740,491
2024,06037604001,Census Tract 6040.01,Lawndale,Los Angeles County,California,Lawndale,1841,108
2024,06037604002,Census Tract 6040.02,Lawndale,Los Angeles County,California,Lawndale,1903,187
2024,06037604101,Census Tract 6041.01,Lawndale,Los Angeles County,California,Lawndale,1724,151
2024,06037604102,Census Tract 6041.02,Lawndale,Los Angeles County,California,Lawndale,1579,319
2024,06037601501,Census Tract 6015.01,Lennox,Los Angeles County,California,Lennox,1508,132
2024,06037601502,Census Tract 6015.02,Lennox,Los Angeles County,California,Lennox,1381,86
2024,06037601600,Census Tract 6016,Lennox,Los Angeles County,California,Lennox,1176,59
2024,06037601700,Census Tract 6017,Lennox,Los Angeles County,California,Lennox,1433,89
2024,06037601801,Census Tract 6018.01,Lennox,Los Angeles County,California,Lennox,1632,128
2024,06037601802,Census Tract 6018.02,Lennox,Los Angeles County,California,Lennox,1430,72
2024,06037901217,Census Tract 9012.17,Leona Valley,Los Angeles County,California,LeonaValley,,
2024,06037920050,Census Tract 9200.50,Leona Valley,Los Angeles County,California,LeonaValley,1206,299
2024,06037910002,Census Tract 9100.02,Littlerock,Los Angeles County,California,Littlerock,1682,302
2024,06037911001,Census Tract 9110.01,Littlerock,Los Angeles County,California,Littlerock,1038,550
2024,06037670001,Census Tract 6700.01,Lomita,Los Angeles County,California,Lomita,1521,564
2024,06037670002,Census Tract 6700.02,Lomita,Los Angeles County,California,Lomita,1785,132
2024,06037670003,Census Tract 6700.03,Lomita,Los Angeles County,California,Lomita,1775,152
2024,06037670101,Census Tract 6701.01,Lomita,Los Angeles County,California,Lomita,2008,845
2024,06037670102,Census Tract 6701.02,Lomita,Los Angeles County,California,Lomita,1899,96
2024,06037544002,Census Tract 5440.02,Long Beach,Los Angeles County,California,LongBeach,1228,436
2024,06037555202,Census Tract 5552.02,Long Beach,Los Angeles County,California,LongBeach,2554,303
2024,06037570100,Census Tract 5701,Long Beach,Los Angeles County,California,LongBeach,2244,186
2024,06037570202,Census Tract 5702.02,Long Beach,Los Angeles County,California,LongBeach,1409,283
2024,06037570203,Census Tract 5702.03,Long Beach,Los Angeles County,California,LongBeach,1713,142
2024,06037570204,Census Tract 5702.04,Long Beach,Los Angeles County,California,LongBeach,1413,226
2024,06037570303,Census Tract 5703.03,Long Beach,Los Angeles County,California,LongBeach,1497,255
2024,06037570304,Census Tract 5703.04,Long Beach,Los Angeles County,California,LongBeach,1572,131
2024,06037570305,Census Tract 5703.05,Long Beach,Los Angeles County,California,LongBeach,1775,71
2024,06037570306,Census Tract 5703.06,Long Beach,Los Angeles County,California,LongBeach,1622,519
2024,06037570402,Census Tract 5704.02,Long Beach,Los Angeles County,California,LongBeach,1779,381
2024,06037570403,Census Tract 5704.03,Long Beach,Los Angeles County,California,LongBeach,1290,154
2024,06037570404,Census Tract 5704.04,Long Beach,Los Angeles County,California,LongBeach,1540,165
2024,06037570502,Census Tract 5705.02,Long Beach,Los Angeles County,California,LongBeach,1786,155
2024,06037570503,Census Tract 5705.03,Long Beach,Los Angeles County,California,LongBeach,1663,301
2024,06037570504,Census Tract 5705.04,Long Beach,Los Angeles County,California,LongBeach,1437,152
2024,06037570601,Census Tract 5706.01,Long Beach,Los Angeles County,California,LongBeach,1856,192
2024,06037570602,Census Tract 5706.02,Long Beach,Los Angeles County,California,LongBeach,1685,120
2024,06037570603,Census Tract 5706.03,Long Beach,Los Angeles County,California,LongBeach,1659,130
2024,06037571201,Census Tract 5712.01,Long Beach,Los Angeles County,California,LongBeach,1825,228
2024,06037571202,Census Tract 5712.02,Long Beach,Los Angeles County,California,LongBeach,1834,149
2024,06037571300,Census Tract 5713,Long Beach,Los Angeles County,California,LongBeach,1953,1120
2024,06037571502,Census Tract 5715.02,Long Beach,Los Angeles County,California,LongBeach,1788,120
2024,06037571504,Census Tract 5715.04,Long Beach,Los Angeles County,California,LongBeach,1717,87
2024,06037571505,Census Tract 5715.05,Long Beach,Los Angeles County,California,LongBeach,1825,66
2024,06037571600,Census Tract 5716,Long Beach,Los Angeles County,California,LongBeach,526,79
2024,06037571701,Census Tract 5717.01,Long Beach,Los Angeles County,California,LongBeach,1557,180
2024,06037571703,Census Tract 5717.03,Long Beach,Los Angeles County,California,LongBeach,1404,615
2024,06037571704,Census Tract 5717.04,Long Beach,Los Angeles County,California,LongBeach,1578,243
2024,06037571800,Census Tract 5718,Long Beach,Los Angeles County,California,LongBeach,1925,182
2024,06037571900,Census Tract 5719,Long Beach,Los Angeles County,California,LongBeach,1849,107
2024,06037572001,Census Tract 5720.01,Long Beach,Los Angeles County,California,LongBeach,1960,316
2024,06037572201,Census Tract 5722.01,Long Beach,Los Angeles County,California,LongBeach,1198,280
2024,06037572202,Census Tract 5722.02,Long Beach,Los Angeles County,California,LongBeach,1705,164
2024,06037572301,Census Tract 5723.01,Long Beach,Los Angeles County,California,LongBeach,1628,170
2024,06037572500,Census Tract 5725,Long Beach,Los Angeles County,California,LongBeach,1138,589
2024,06037572600,Census Tract 5726,Long Beach,Los Angeles County,California,LongBeach,1966,383
2024,06037572700,Census Tract 5727,Long Beach,Los Angeles County,California,LongBeach,1609,218
2024,06037573002,Census Tract 5730.02,Long Beach,Los Angeles County,California,LongBeach,1520,121
2024,06037573003,Census Tract 5730.03,Long Beach,Los Angeles County,California,LongBeach,1810,170
2024,06037573004,Census Tract 5730.04,Long Beach,Los Angeles County,California,LongBeach,1513,158
2024,06037573101,Census Tract 5731.01,Long Beach,Los Angeles County,California,LongBeach,1621,113
2024,06037573102,Census Tract 5731.02,Long Beach,Los Angeles County,California,LongBeach,1673,270
2024,06037573201,Census Tract 5732.01,Long Beach,Los Angeles County,California,LongBeach,1609,126
2024,06037573202,Census Tract 5732.02,Long Beach,Los Angeles County,California,LongBeach,1646,171
2024,06037573300,Census Tract 5733,Long Beach,Los Angeles County,California,LongBeach,1685,127
2024,06037573601,Census Tract 5736.01,Long Beach,Los Angeles County,California,LongBeach,2682,1805
2024,06037573700,Census Tract 5737,Long Beach,Los Angeles County,California,LongBeach,2656,360
2024,06037573800,Census Tract 5738,Long Beach,Los Angeles County,California,LongBeach,2649,175
2024,06037573902,Census Tract 5739.02,Long Beach,Los Angeles County,California,LongBeach,1970,1019
2024,06037574000,Census Tract 5740,Long Beach,Los Angeles County,California,LongBeach,2782,287
2024,06037574100,Census Tract 5741,Long Beach,Los Angeles County,California,LongBeach,2913,333
2024,06037574201,Census Tract 5742.01,Long Beach,Los Angeles County,California,LongBeach,3102,240
2024,06037574202,Census Tract 5742.02,Long Beach,Los Angeles County,California,LongBeach,1896,294
2024,06037574300,Census Tract 5743,Long Beach,Los Angeles County,California,LongBeach,2217,384
2024,06037574400,Census Tract 5744,Long Beach,Los Angeles County,California,LongBeach,2688,105
2024,06037574500,Census Tract 5745,Long Beach,Los Angeles County,California,LongBeach,3188,91
2024,06037574602,Census Tract 5746.02,Long Beach,Los Angeles County,California,LongBeach,3208,564
2024,06037574800,Census Tract 5748,Long Beach,Los Angeles County,California,LongBeach,1749,100
2024,06037574901,Census Tract 5749.01,Long Beach,Los Angeles County,California,LongBeach,2680,186
2024,06037574902,Census Tract 5749.02,Long Beach,Los Angeles County,California,LongBeach,2298,198
2024,06037575001,Census Tract 5750.01,Long Beach,Los Angeles County,California,LongBeach,2087,167
2024,06037575002,Census Tract 5750.02,Long Beach,Los Angeles County,California,LongBeach,1993,196
2024,06037575101,Census Tract 5751.01,Long Beach,Los Angeles County,California,LongBeach,1688,100
2024,06037575102,Census Tract 5751.02,Long Beach,Los Angeles County,California,LongBeach,1698,110
2024,06037575103,Census Tract 5751.03,Long Beach,Los Angeles County,California,LongBeach,1741,82
2024,06037575201,Census Tract 5752.01,Long Beach,Los Angeles County,California,LongBeach,1628,131
2024,06037575202,Census Tract 5752.02,Long Beach,Los Angeles County,California,LongBeach,1308,249
2024,06037575300,Census Tract 5753,Long Beach,Los Angeles County,California,LongBeach,1446,180
2024,06037575401,Census Tract 5754.01,Long Beach,Los Angeles County,California,LongBeach,1422,147
2024,06037575402,Census Tract 5754.02,Long Beach,Los Angeles County,California,LongBeach,1490,134
2024,06037575801,Census Tract 5758.01,Long Beach,Los Angeles County,California,LongBeach,1428,67
2024,06037575802,Census Tract 5758.02,Long Beach,Los Angeles County,California,LongBeach,1453,90
2024,06037575803,Census Tract 5758.03,Long Beach,Los Angeles County,California,LongBeach,1170,194
2024,06037575901,Census Tract 5759.01,Long Beach,Los Angeles County,California,LongBeach,1582,230
2024,06037575902,Census Tract 5759.02,Long Beach,Los Angeles County,California,LongBeach,1931,207
2024,06037576001,Census Tract 5760.01,Long Beach,Los Angeles County,California,LongBeach,2697,200
2024,06037576200,Census Tract 5762,Long Beach,Los Angeles County,California,LongBeach,1686,98
2024,06037576301,Census Tract 5763.01,Long Beach,Los Angeles County,California,LongBeach,1690,89
2024,06037576302,Census Tract 5763.02,Long Beach,Los Angeles County,California,LongBeach,1349,132
2024,06037576401,Census Tract 5764.01,Long Beach,Los Angeles County,California,LongBeach,1559,114
2024,06037576402,Census Tract 5764.02,Long Beach,Los Angeles County,California,LongBeach,1557,162
2024,06037576403,Census Tract 5764.03,Long Beach,Los Angeles County,California,LongBeach,1735,85
2024,06037576501,Census Tract 5765.01,Long Beach,Los Angeles County,California,LongBeach,1657,148
2024,06037576502,Census Tract 5765.02,Long Beach,Los Angeles County,California,LongBeach,1792,88
2024,06037576503,Census Tract 5765.03,Long Beach,Los Angeles County,California,LongBeach,1758,81
2024,06037576601,Census Tract 5766.01,Long Beach,Los Angeles County,California,LongBeach,1917,172
2024,06037576602,Census Tract 5766.02,Long Beach,Los Angeles County,California,LongBeach,1882,195
2024,06037576700,Census Tract 5767,Long Beach,Los Angeles County,California,LongBeach,2096,128
2024,06037576801,Census Tract 5768.01,Long Beach,Los Angeles County,California,LongBeach,1819,211
2024,06037576802,Census Tract 5768.02,Long Beach,Los Angeles County,California,LongBeach,1835,79
2024,06037576901,Census Tract 5769.01,Long Beach,Los Angeles County,California,LongBeach,1533,126
2024,06037576903,Census Tract 5769.03,Long Beach,Los Angeles County,California,LongBeach,1637,90
2024,06037576904,Census Tract 5769.04,Long Beach,Los Angeles County,California,LongBeach,1738,132
2024,06037577000,Census Tract 5770,Long Beach,Los Angeles County,California,LongBeach,1822,104
2024,06037577100,Census Tract 5771,Long Beach,Los Angeles County,California,LongBeach,1933,95
2024,06037577200,Census Tract 5772,Long Beach,Los Angeles County,California,LongBeach,1867,137
2024,06037577300,Census Tract 5773,Long Beach,Los Angeles County,California,LongBeach,1988,159
2024,06037577400,Census Tract 5774,Long Beach,Los Angeles County,California,LongBeach,2199,166
2024,06037577501,Census Tract 5775.01,Long Beach,Los Angeles County,California,LongBeach,2091,599
2024,06037577504,Census Tract 5775.04,Long Beach,Los Angeles County,California,LongBeach,1998,285
2024,06037577602,Census Tract 5776.02,Long Beach,Los Angeles County,California,LongBeach,2846,161
2024,06037577604,Census Tract 5776.04,Long Beach,Los Angeles County,California,LongBeach,3131,417
2024,06037577605,Census Tract 5776.05,Long Beach,Los Angeles County,California,LongBeach,2592,857
2024,06037577606,Census Tract 5776.06,Long Beach,Los Angeles County,California,LongBeach,2462,433
2024,06037577700,Census Tract 5777,Long Beach,Los Angeles County,California,LongBeach,1577,217
2024,06037577900,Census Tract 5779,Long Beach,Los Angeles County,California,LongBeach,1861,150
2024,06037578000,Census Tract 5780,Long Beach,Los Angeles County,California,LongBeach,1374,109
2024,06037578100,Census Tract 5781,Long Beach,Los Angeles County,California,LongBeach,,
2024,06037980006,Census Tract 9800.06,Long Beach,Los Angeles County,California,LongBeach,,
2024,06037980007,Census Tract 9800.07,Long Beach,Los Angeles County,California,LongBeach,,
2024,06037980011,Census Tract 9800.11,Long Beach,Los Angeles County,California,LongBeach,,
2024,06037980018,Census Tract 9800.18,Long Beach,Los Angeles County,California,LongBeach,,
2024,06037980033,Census Tract 9800.33,Long Beach,Los Angeles County,California,LongBeach,,
2024,06037990300,Census Tract 9903,Long Beach,Los Angeles County,California,LongBeach,,
2024,06037101110,Census Tract 1011.10,Los Angeles,Los Angeles County,California,LosAngeles,1776,360
2024,06037101122,Census Tract 1011.22,Los Angeles,Los Angeles County,California,LosAngeles,3153,1039
2024,06037101220,Census Tract 1012.20,Los Angeles,Los Angeles County,California,LosAngeles,1367,104
2024,06037101221,Census Tract 1012.21,Los Angeles,Los Angeles County,California,LosAngeles,1693,126
2024,06037101222,Census Tract 1012.22,Los Angeles,Los Angeles County,California,LosAngeles,1521,233
2024,06037101300,Census Tract 1013,Los Angeles,Los Angeles County,California,LosAngeles,2468,311
2024,06037101400,Census Tract 1014,Los Angeles,Los Angeles County,California,LosAngeles,1836,292
2024,06037102103,Census Tract 1021.03,Los Angeles,Los Angeles County,California,LosAngeles,1865,359
2024,06037102104,Census Tract 1021.04,Los Angeles,Los Angeles County,California,LosAngeles,3142,321
2024,06037102105,Census Tract 1021.05,Los Angeles,Los Angeles County,California,LosAngeles,1706,129
2024,06037102107,Census Tract 1021.07,Los Angeles,Los Angeles County,California,LosAngeles,2125,1670
2024,06037103101,Census Tract 1031.01,Los Angeles,Los Angeles County,California,LosAngeles,1243,228
2024,06037103102,Census Tract 1031.02,Los Angeles,Los Angeles County,California,LosAngeles,1418,307
2024,06037103201,Census Tract 1032.01,Los Angeles,Los Angeles County,California,LosAngeles,1518,349
2024,06037103202,Census Tract 1032.02,Los Angeles,Los Angeles County,California,LosAngeles,,
2024,06037103300,Census Tract 1033,Los Angeles,Los Angeles County,California,LosAngeles,1945,1139
2024,06037103401,Census Tract 1034.01,Los Angeles,Los Angeles County,California,LosAngeles,2037,407
2024,06037103402,Census Tract 1034.02,Los Angeles,Los Angeles County,California,LosAngeles,1234,192
2024,06037104103,Census Tract 1041.03,Los Angeles,Los Angeles County,California,LosAngeles,2175,364
2024,06037104105,Census Tract 1041.05,Los Angeles,Los Angeles County,California,LosAngeles,1290,189
2024,06037104108,Census Tract 1041.08,Los Angeles,Los Angeles County,California,LosAngeles,1708,110
2024,06037104124,Census Tract 1041.24,Los Angeles,Los Angeles County,California,LosAngeles,,
2024,06037104201,Census Tract 1042.01,Los Angeles,Los Angeles County,California,LosAngeles,2189,167
2024,06037104203,Census Tract 1042.03,Los Angeles,Los Angeles County,California,LosAngeles,1556,257
2024,06037104204,Census Tract 1042.04,Los Angeles,Los Angeles County,California,LosAngeles,,
2024,06037104310,Census Tract 1043.10,Los Angeles,Los Angeles County,California,LosAngeles,1653,214
2024,06037104321,Census Tract 1043.21,Los Angeles,Los Angeles County,California,LosAngeles,883,493
2024,06037104322,Census Tract 1043.22,Los Angeles,Los Angeles County,California,LosAngeles,976,349
2024,06037104401,Census Tract 1044.01,Los Angeles,Los Angeles County,California,LosAngeles,1755,246
2024,06037104403,Census Tract 1044.03,Los Angeles,Los Angeles County,California,LosAngeles,2260,224
2024,06037104404,Census Tract 1044.04,Los Angeles,Los Angeles County,California,LosAngeles,1655,310
2024,06037104500,Census Tract 1045,Los Angeles,Los Angeles County,California,LosAngeles,2250,283
2024,06037104610,Census Tract 1046.10,Los Angeles,Los Angeles County,California,LosAngeles,1688,729
2024,06037104620,Census Tract 1046.20,Los Angeles,Los Angeles County,California,LosAngeles,1643,236
2024,06037104701,Census Tract 1047.01,Los Angeles,Los Angeles County,California,LosAngeles,1088,171
2024,06037104703,Census Tract 1047.03,Los Angeles,Los Angeles County,California,LosAngeles,1671,179
2024,06037104704,Census Tract 1047.04,Los Angeles,Los Angeles County,California,LosAngeles,1851,97
2024,06037104821,Census Tract 1048.21,Los Angeles,Los Angeles County,California,LosAngeles,1481,192
2024,06037104822,Census Tract 1048.22,Los Angeles,Los Angeles County,California,LosAngeles,1461,562
2024,06037104823,Census Tract 1048.23,Los Angeles,Los Angeles County,California,LosAngeles,2300,1921
2024,06037104824,Census Tract 1048.24,Los Angeles,Los Angeles County,California,LosAngeles,1046,293
2024,06037106010,Census Tract 1060.10,Los Angeles,Los Angeles County,California,LosAngeles,1953,677
2024,06037106020,Census Tract 1060.20,Los Angeles,Los Angeles County,California,LosAngeles,1993,1130
2024,06037106111,Census Tract 1061.11,Los Angeles,Los Angeles County,California,LosAngeles,,
2024,06037106112,Census Tract 1061.12,Los Angeles,Los Angeles County,California,LosAngeles,2332,411
2024,06037106113,Census Tract 1061.13,Los Angeles,Los Angeles County,California,LosAngeles,1672,439
2024,06037106114,Census Tract 1061.14,Los Angeles,Los Angeles County,California,LosAngeles,1578,204
2024,06037106403,Census Tract 1064.03,Los Angeles,Los Angeles County,California,LosAngeles,1774,713
2024,06037106405,Census Tract 1064.05,Los Angeles,Los Angeles County,California,LosAngeles,,
2024,06037106406,Census Tract 1064.06,Los Angeles,Los Angeles County,California,LosAngeles,2297,560
2024,06037106407,Census Tract 1064.07,Los Angeles,Los Angeles County,California,LosAngeles,1646,256
2024,06037106408,Census Tract 1064.08,Los Angeles,Los Angeles County,California,LosAngeles,1747,129
2024,06037106510,Census Tract 1065.10,Los Angeles,Los Angeles County,California,LosAngeles,2165,370
2024,06037106520,Census Tract 1065.20,Los Angeles,Los Angeles County,California,LosAngeles,1900,283
2024,06037106603,Census Tract 1066.03,Los Angeles,Los Angeles County,California,LosAngeles,1679,458
2024,06037106604,Census Tract 1066.04,Los Angeles,Los Angeles County,California,LosAngeles,1696,182
2024,06037106641,Census Tract 1066.41,Los Angeles,Los Angeles County,California,LosAngeles,3501,
2024,06037106642,Census Tract 1066.42,Los Angeles,Los Angeles County,California,LosAngeles,3501,
2024,06037106643,Census Tract 1066.43,Los Angeles,Los Angeles County,California,LosAngeles,,
2024,06037106645,Census Tract 1066.45,Los Angeles,Los Angeles County,California,LosAngeles,3501,
2024,06037106646,Census Tract 1066.46,Los Angeles,Los Angeles County,California,LosAngeles,2050,885
2024,06037106648,Census Tract 1066.48,Los Angeles,Los Angeles County,California,LosAngeles,1537,489
2024,06037106649,Census Tract 1066.49,Los Angeles,Los Angeles County,California,LosAngeles,2703,1058
2024,06037107010,Census Tract 1070.10,Los Angeles,Los Angeles County,California,LosAngeles,2047,284
2024,06037107020,Census Tract 1070.20,Los Angeles,Los Angeles County,California,LosAngeles,2012,379
2024,06037108101,Census Tract 1081.01,Los Angeles,Los Angeles County,California,LosAngeles,2903,828
2024,06037108102,Census Tract 1081.02,Los Angeles,Los Angeles County,California,LosAngeles,2795,1015
2024,06037108103,Census Tract 1081.03,Los Angeles,Los Angeles County,California,LosAngeles,3501,
2024,06037108104,Census Tract 1081.04,Los Angeles,Los Angeles County,California,LosAngeles,3501,
2024,06037108202,Census Tract 1082.02,Los Angeles,Los Angeles County,California,LosAngeles,3284,509
2024,06037108203,Census Tract 1082.03,Los Angeles,Los Angeles County,California,LosAngeles,3501,
2024,06037108204,Census Tract 1082.04,Los Angeles,Los Angeles County,California,LosAngeles,3501,
2024,06037109100,Census Tract 1091,Los Angeles,Los Angeles County,California,LosAngeles,1426,560
2024,06037109200,Census Tract 1092,Los Angeles,Los Angeles County,California,LosAngeles,2681,440
2024,06037109300,Census Tract 1093,Los Angeles,Los Angeles County,California,LosAngeles,2466,319
2024,06037109400,Census Tract 1094,Los Angeles,Los Angeles County,California,LosAngeles,2000,408
2024,06037109500,Census Tract 1095,Los Angeles,Los Angeles County,California,LosAngeles,1771,96
2024,06037109601,Census Tract 1096.01,Los Angeles,Los Angeles County,California,LosAngeles,2628,356
2024,06037109603,Census Tract 1096.03,Los Angeles,Los Angeles County,California,LosAngeles,1671,113
2024,06037109604,Census Tract 1096.04,Los Angeles,Los Angeles County,California,LosAngeles,1174,171
2024,06037109700,Census Tract 1097,Los Angeles,Los Angeles County,California,LosAngeles,2128,355
2024,06037109800,Census Tract 1098,Los Angeles,Los Angeles County,California,LosAngeles,1772,338
2024,06037111100,Census Tract 1111,Los Angeles,Los Angeles County,California,LosAngeles,1966,453
2024,06037111201,Census Tract 1112.01,Los Angeles,Los Angeles County,California,LosAngeles,3501,
2024,06037111202,Census Tract 1112.02,Los Angeles,Los Angeles County,California,LosAngeles,2531,353
2024,06037111204,Census Tract 1112.04,Los Angeles,Los Angeles County,California,LosAngeles,3501,
2024,06037111205,Census Tract 1112.05,Los Angeles,Los Angeles County,California,LosAngeles,1951,335
2024,06037111206,Census Tract 1112.06,Los Angeles,Los Angeles County,California,LosAngeles,2859,444
2024,06037111302,Census Tract 1113.02,Los Angeles,Los Angeles County,California,LosAngeles,1869,117
2024,06037111303,Census Tract 1113.03,Los Angeles,Los Angeles County,California,LosAngeles,2220,253
2024,06037111304,Census Tract 1113.04,Los Angeles,Los Angeles County,California,LosAngeles,1510,186
2024,06037111401,Census Tract 1114.01,Los Angeles,Los Angeles County,California,LosAngeles,2426,724
2024,06037111402,Census Tract 1114.02,Los Angeles,Los Angeles County,California,LosAngeles,1429,165
2024,06037113101,Census Tract 1131.01,Los Angeles,Los Angeles County,California,LosAngeles,,
2024,06037113102,Census Tract 1131.02,Los Angeles,Los Angeles County,California,LosAngeles,,
2024,06037113211,Census Tract 1132.11,Los Angeles,Los Angeles County,California,LosAngeles,2912,325
2024,06037113212,Census Tract 1132.12,Los Angeles,Los Angeles County,California,LosAngeles,1961,246
2024,06037113213,Census Tract 1132.13,Los Angeles,Los Angeles County,California,LosAngeles,2214,187
2024,06037113231,Census Tract 1132.31,Los Angeles,Los Angeles County,California,LosAngeles,2676,1409
2024,06037113232,Census Tract 1132.32,Los Angeles,Los Angeles County,California,LosAngeles,3501,
2024,06037113234,Census Tract 1132.34,Los Angeles,Los Angeles County,California,LosAngeles,1674,185
2024,06037113235,Census Tract 1132.35,Los Angeles,Los Angeles County,California,LosAngeles,2243,107
2024,06037113237,Census Tract 1132.37,Los Angeles,Los Angeles County,California,LosAngeles,2346,321
2024,06037113238,Census Tract 1132.38,Los Angeles,Los Angeles County,California,LosAngeles,1741,145
2024,06037113239,Census Tract 1132.39,Los Angeles,Los Angeles County,California,LosAngeles,1506,250
2024,06037113301,Census Tract 1133.01,Los Angeles,Los Angeles County,California,LosAngeles,2938,135
2024,06037113303,Census Tract 1133.03,Los Angeles,Los Angeles County,California,LosAngeles,3258,236
2024,06037113322,Census Tract 1133.22,Los Angeles,Los Angeles County,California,LosAngeles,1882,496
2024,06037113323,Census Tract 1133.23,Los Angeles,Los Angeles County,California,LosAngeles,1607,161
2024,06037113324,Census Tract 1133.24,Los Angeles,Los Angeles County,California,LosAngeles,2050,204
2024,06037113423,Census Tract 1134.23,Los Angeles,Los Angeles County,California,LosAngeles,1444,478
2024,06037113424,Census Tract 1134.24,Los Angeles,Los Angeles County,California,LosAngeles,2240,166
2024,06037113425,Census Tract 1134.25,Los Angeles,Los Angeles County,California,LosAngeles,1996,142
2024,06037113426,Census Tract 1134.26,Los Angeles,Los Angeles County,California,LosAngeles,1692,174
2024,06037113427,Census Tract 1134.27,Los Angeles,Los Angeles County,California,LosAngeles,1790,89
2024,06037113428,Census Tract 1134.28,Los Angeles,Los Angeles County,California,LosAngeles,2497,453
2024,06037115101,Census Tract 1151.01,Los Angeles,Los Angeles County,California,LosAngeles,2165,1187
2024,06037115103,Census Tract 1151.03,Los Angeles,Los Angeles County,California,LosAngeles,3501,
2024,06037115104,Census Tract 1151.04,Los Angeles,Los Angeles County,California,LosAngeles,2115,114
2024,06037115202,Census Tract 1152.02,Los Angeles,Los Angeles County,California,LosAngeles,1998,290
2024,06037115203,Census Tract 1152.03,Los Angeles,Los Angeles County,California,LosAngeles,2011,218
2024,06037115204,Census Tract 1152.04,Los Angeles,Los Angeles County,California,LosAngeles,1821,85
2024,06037115301,Census Tract 1153.01,Los Angeles,Los Angeles County,California,LosAngeles,2140,146
2024,06037115302,Census Tract 1153.02,Los Angeles,Los Angeles County,California,LosAngeles,1670,171
2024,06037115401,Census Tract 1154.01,Los Angeles,Los Angeles County,California,LosAngeles,1743,81
2024,06037115403,Census Tract 1154.03,Los Angeles,Los Angeles County,California,LosAngeles,1419,85
2024,06037115404,Census Tract 1154.04,Los Angeles,Los Angeles County,California,LosAngeles,1821,142
2024,06037117101,Census Tract 1171.01,Los Angeles,Los Angeles County,California,LosAngeles,1237,743
2024,06037117102,Census Tract 1171.02,Los Angeles,Los Angeles County,California,LosAngeles,2016,370
2024,06037117201,Census Tract 1172.01,Los Angeles,Los Angeles County,California,LosAngeles,1448,137
2024,06037117202,Census Tract 1172.02,Los Angeles,Los Angeles County,California,LosAngeles,825,680
2024,06037117301,Census Tract 1173.01,Los Angeles,Los Angeles County,California,LosAngeles,3462,469
2024,06037117302,Census Tract 1173.02,Los Angeles,Los Angeles County,California,LosAngeles,1764,135
2024,06037117303,Census Tract 1173.03,Los Angeles,Los Angeles County,California,LosAngeles,2343,535
2024,06037117404,Census Tract 1174.04,Los Angeles,Los Angeles County,California,LosAngeles,1897,805
2024,06037117405,Census Tract 1174.05,Los Angeles,Los Angeles County,California,LosAngeles,1553,214
2024,06037117407,Census Tract 1174.07,Los Angeles,Los Angeles County,California,LosAngeles,1564,110
2024,06037117408,Census Tract 1174.08,Los Angeles,Los Angeles County,California,LosAngeles,1536,130
2024,06037117510,Census Tract 1175.10,Los Angeles,Los Angeles County,California,LosAngeles,1962,189
2024,06037117520,Census Tract 1175.20,Los Angeles,Los Angeles County,California,LosAngeles,1578,149
2024,06037117530,Census Tract 1175.30,Los Angeles,Los Angeles County,California,LosAngeles,1564,139
2024,06037119001,Census Tract 1190.01,Los Angeles,Los Angeles County,California,LosAngeles,2337,551
2024,06037119003,Census Tract 1190.03,Los Angeles,Los Angeles County,California,LosAngeles,1523,529
2024,06037119004,Census Tract 1190.04,Los Angeles,Los Angeles County,California,LosAngeles,2250,974
2024,06037119201,Census Tract 1192.01,Los Angeles,Los Angeles County,California,LosAngeles,1365,638
2024,06037119202,Census Tract 1192.02,Los Angeles,Los Angeles County,California,LosAngeles,1512,539
2024,06037119310,Census Tract 1193.10,Los Angeles,Los Angeles County,California,LosAngeles,1086,115
2024,06037119320,Census Tract 1193.20,Los Angeles,Los Angeles County,California,LosAngeles,1844,202
2024,06037119340,Census Tract 1193.40,Los Angeles,Los Angeles County,California,LosAngeles,1458,121
2024,06037119341,Census Tract 1193.41,Los Angeles,Los Angeles County,California,LosAngeles,1587,217
2024,06037119342,Census Tract 1193.42,Los Angeles,Los Angeles County,California,LosAngeles,1715,102
2024,06037119400,Census Tract 1194,Los Angeles,Los Angeles County,California,LosAngeles,2129,1177
2024,06037119700,Census Tract 1197,Los Angeles,Los Angeles County,California,LosAngeles,1399,459
2024,06037119801,Census Tract 1198.01,Los Angeles,Los Angeles County,California,LosAngeles,2648,658
2024,06037119802,Census Tract 1198.02,Los Angeles,Los Angeles County,California,LosAngeles,1147,462
2024,06037119900,Census Tract 1199,Los Angeles,Los Angeles County,California,LosAngeles,2194,182
2024,06037120010,Census Tract 1200.10,Los Angeles,Los Angeles County,California,LosAngeles,1398,306
2024,06037120020,Census Tract 1200.20,Los Angeles,Los Angeles County,California,LosAngeles,1468,171
2024,06037120030,Census Tract 1200.30,Los Angeles,Los Angeles County,California,LosAngeles,1173,67
2024,06037120103,Census Tract 1201.03,Los Angeles,Los Angeles County,California,LosAngeles,1606,106
2024,06037120104,Census Tract 1201.04,Los Angeles,Los Angeles County,California,LosAngeles,1760,77
2024,06037120105,Census Tract 1201.05,Los Angeles,Los Angeles County,California,LosAngeles,1173,155
2024,06037120106,Census Tract 1201.06,Los Angeles,Los Angeles County,California,LosAngeles,1379,270
2024,06037120107,Census Tract 1201.07,Los Angeles,Los Angeles County,California,LosAngeles,1519,159
2024,06037120108,Census Tract 1201.08,Los Angeles,Los Angeles County,California,LosAngeles,1453,289
2024,06037120300,Census Tract 1203,Los Angeles,Los Angeles County,California,LosAngeles,1573,330
2024,06037120400,Census Tract 1204,Los Angeles,Los Angeles County,California,LosAngeles,1499,179
2024,06037121010,Census Tract 1210.10,Los Angeles,Los Angeles County,California,LosAngeles,1779,293
2024,06037121020,Census Tract 1210.20,Los Angeles,Los Angeles County,California,LosAngeles,1510,234
2024,06037121101,Census Tract 1211.01,Los Angeles,Los Angeles County,California,LosAngeles,1526,443
2024,06037121102,Census Tract 1211.02,Los Angeles,Los Angeles County,California,LosAngeles,1617,809
2024,06037121210,Census Tract 1212.10,Los Angeles,Los Angeles County,California,LosAngeles,1788,869
2024,06037121221,Census Tract 1212.21,Los Angeles,Los Angeles County,California,LosAngeles,1650,523
2024,06037121222,Census Tract 1212.22,Los Angeles,Los Angeles County,California,LosAngeles,1636,156
2024,06037121600,Census Tract 1216,Los Angeles,Los Angeles County,California,LosAngeles,1734,1137
2024,06037121801,Census Tract 1218.01,Los Angeles,Los Angeles County,California,LosAngeles,1794,214
2024,06037121802,Census Tract 1218.02,Los Angeles,Los Angeles County,California,LosAngeles,1354,668
2024,06037121900,Census Tract 1219,Los Angeles,Los Angeles County,California,LosAngeles,1291,240
2024,06037122000,Census Tract 1220,Los Angeles,Los Angeles County,California,LosAngeles,1784,198
2024,06037122120,Census Tract 1221.20,Los Angeles,Los Angeles County,California,LosAngeles,1672,158
2024,06037122121,Census Tract 1221.21,Los Angeles,Los Angeles County,California,LosAngeles,1518,183
2024,06037122122,Census Tract 1221.22,Los Angeles,Los Angeles County,California,LosAngeles,1222,286
2024,06037122200,Census Tract 1222,Los Angeles,Los Angeles County,California,LosAngeles,1770,119
2024,06037122410,Census Tract 1224.10,Los Angeles,Los Angeles County,California,LosAngeles,1739,113
2024,06037122420,Census Tract 1224.20,Los Angeles,Los Angeles County,California,LosAngeles,1498,129
2024,06037123010,Census Tract 1230.10,Los Angeles,Los Angeles County,California,LosAngeles,1556,182
2024,06037123020,Census Tract 1230.20,Los Angeles,Los Angeles County,California,LosAngeles,1608,306
2024,06037123103,Census Tract 1231.03,Los Angeles,Los Angeles County,California,LosAngeles,1687,102
2024,06037123104,Census Tract 1231.04,Los Angeles,Los Angeles County,California,LosAngeles,1651,151
2024,06037123203,Census Tract 1232.03,Los Angeles,Los Angeles County,California,LosAngeles,1683,227
2024,06037123204,Census Tract 1232.04,Los Angeles,Los Angeles County,California,LosAngeles,1487,175
2024,06037123205,Census Tract 1232.05,Los Angeles,Los Angeles County,California,LosAngeles,1542,133
2024,06037123206,Census Tract 1232.06,Los Angeles,Los Angeles County,California,LosAngeles,1235,77
2024,06037123301,Census Tract 1233.01,Los Angeles,Los Angeles County,California,LosAngeles,1801,117
2024,06037123303,Census Tract 1233.03,Los Angeles,Los Angeles County,California,LosAngeles,1684,100
2024,06037123304,Census Tract 1233.04,Los Angeles,Los Angeles County,California,LosAngeles,1365,98
2024,06037123410,Census Tract 1234.10,Los Angeles,Los Angeles County,California,LosAngeles,1567,135
2024,06037123420,Census Tract 1234.20,Los Angeles,Los Angeles County,California,LosAngeles,1580,121
2024,06037123510,Census Tract 1235.10,Los Angeles,Los Angeles County,California,LosAngeles,1483,149
2024,06037123520,Census Tract 1235.20,Los Angeles,Los Angeles County,California,LosAngeles,1813,244
2024,06037123601,Census Tract 1236.01,Los Angeles,Los Angeles County,California,LosAngeles,1767,117
2024,06037123602,Census Tract 1236.02,Los Angeles,Los Angeles County,California,LosAngeles,1490,170
2024,06037123700,Census Tract 1237,Los Angeles,Los Angeles County,California,LosAngeles,1833,61
2024,06037123800,Census Tract 1238,Los Angeles,Los Angeles County,California,LosAngeles,1788,173
2024,06037123901,Census Tract 1239.01,Los Angeles,Los Angeles County,California,LosAngeles,1898,151
2024,06037123902,Census Tract 1239.02,Los Angeles,Los Angeles County,California,LosAngeles,1854,240
2024,06037124000,Census Tract 1240,Los Angeles,Los Angeles County,California,LosAngeles,1885,220
2024,06037124102,Census Tract 1241.02,Los Angeles,Los Angeles County,California,LosAngeles,1788,92
2024,06037124103,Census Tract 1241.03,Los Angeles,Los Angeles County,California,LosAngeles,1444,143
2024,06037124104,Census Tract 1241.04,Los Angeles,Los Angeles County,California,LosAngeles,1672,86
2024,06037124105,Census Tract 1241.05,Los Angeles,Los Angeles County,California,LosAngeles,1682,133
2024,06037124201,Census Tract 1242.01,Los Angeles,Los Angeles County,California,LosAngeles,1614,223
2024,06037124203,Census Tract 1242.03,Los Angeles,Los Angeles County,California,LosAngeles,1663,114
2024,06037124204,Census Tract 1242.04,Los Angeles,Los Angeles County,California,LosAngeles,1325,137
2024,06037124300,Census Tract 1243,Los Angeles,Los Angeles County,California,LosAngeles,1602,143
2024,06037124400,Census Tract 1244,Los Angeles,Los Angeles County,California,LosAngeles,2117,212
2024,06037124500,Census Tract 1245,Los Angeles,Los Angeles County,California,LosAngeles,1998,468
2024,06037124600,Census Tract 1246,Los Angeles,Los Angeles County,California,LosAngeles,2404,153
2024,06037124700,Census Tract 1247,Los Angeles,Los Angeles County,California,LosAngeles,1878,242
2024,06037124902,Census Tract 1249.02,Los Angeles,Los Angeles County,California,LosAngeles,1705,155
2024,06037124903,Census Tract 1249.03,Los Angeles,Los Angeles County,California,LosAngeles,1932,150
2024,06037125101,Census Tract 1251.01,Los Angeles,Los Angeles County,California,LosAngeles,1808,68
2024,06037125102,Census Tract 1251.02,Los Angeles,Los Angeles County,California,LosAngeles,1994,581
2024,06037125200,Census Tract 1252,Los Angeles,Los Angeles County,California,LosAngeles,2006,215
2024,06037125310,Census Tract 1253.10,Los Angeles,Los Angeles County,California,LosAngeles,1970,213
2024,06037125321,Census Tract 1253.21,Los Angeles,Los Angeles County,California,LosAngeles,1860,164
2024,06037125322,Census Tract 1253.22,Los Angeles,Los Angeles County,California,LosAngeles,2370,269
2024,06037125402,Census Tract 1254.02,Los Angeles,Los Angeles County,California,LosAngeles,1969,182
2024,06037125403,Census Tract 1254.03,Los Angeles,Los Angeles County,California,LosAngeles,2165,167
2024,06037125404,Census Tract 1254.04,Los Angeles,Los Angeles County,California,LosAngeles,2474,204
2024,06037125501,Census Tract 1255.01,Los Angeles,Los Angeles County,California,LosAngeles,1748,196
2024,06037125502,Census Tract 1255.02,Los Angeles,Los Angeles County,California,LosAngeles,1867,129
2024,06037125600,Census Tract 1256,Los Angeles,Los Angeles County,California,LosAngeles,1999,256
2024,06037127102,Census Tract 1271.02,Los Angeles,Los Angeles County,California,LosAngeles,1796,218
2024,06037127103,Census Tract 1271.03,Los Angeles,Los Angeles County,California,LosAngeles,1673,111
2024,06037127104,Census Tract 1271.04,Los Angeles,Los Angeles County,California,LosAngeles,1682,225
2024,06037127210,Census Tract 1272.10,Los Angeles,Los Angeles County,California,LosAngeles,1534,172
2024,06037127220,Census Tract 1272.20,Los Angeles,Los Angeles County,California,LosAngeles,1655,172
2024,06037127300,Census Tract 1273,Los Angeles,Los Angeles County,California,LosAngeles,1738,128
2024,06037127400,Census Tract 1274,Los Angeles,Los Angeles County,California,LosAngeles,1505,145
2024,06037127520,Census Tract 1275.20,Los Angeles,Los Angeles County,California,LosAngeles,1422,133
2024,06037127603,Census Tract 1276.03,Los Angeles,Los Angeles County,California,LosAngeles,1751,104
2024,06037127604,Census Tract 1276.04,Los Angeles,Los Angeles County,California,LosAngeles,1689,133
2024,06037127605,Census Tract 1276.05,Los Angeles,Los Angeles County,California,LosAngeles,1698,158
2024,06037127606,Census Tract 1276.06,Los Angeles,Los Angeles County,California,LosAngeles,1679,119
2024,06037127711,Census Tract 1277.11,Los Angeles,Los Angeles County,California,LosAngeles,1862,181
2024,06037127712,Census Tract 1277.12,Los Angeles,Los Angeles County,California,LosAngeles,1628,102
2024,06037127803,Census Tract 1278.03,Los Angeles,Los Angeles County,California,LosAngeles,1724,141
2024,06037127804,Census Tract 1278.04,Los Angeles,Los Angeles County,California,LosAngeles,1566,135
2024,06037127805,Census Tract 1278.05,Los Angeles,Los Angeles County,California,LosAngeles,1283,308
2024,06037127806,Census Tract 1278.06,Los Angeles,Los Angeles County,California,LosAngeles,1739,217
2024,06037127910,Census Tract 1279.10,Los Angeles,Los Angeles County,California,LosAngeles,1690,112
2024,06037127920,Census Tract 1279.20,Los Angeles,Los Angeles County,California,LosAngeles,1687,571
2024,06037128101,Census Tract 1281.01,Los Angeles,Los Angeles County,California,LosAngeles,1788,73
2024,06037128102,Census Tract 1281.02,Los Angeles,Los Angeles County,California,LosAngeles,1415,266
2024,06037128210,Census Tract 1282.10,Los Angeles,Los Angeles County,California,LosAngeles,1533,142
2024,06037128220,Census Tract 1282.20,Los Angeles,Los Angeles County,California,LosAngeles,1742,107
2024,06037128302,Census Tract 1283.02,Los Angeles,Los Angeles County,California,LosAngeles,1576,138
2024,06037128303,Census Tract 1283.03,Los Angeles,Los Angeles County,California,LosAngeles,1282,138
2024,06037128400,Census Tract 1284,Los Angeles,Los Angeles County,California,LosAngeles,1924,210
2024,06037128500,Census Tract 1285,Los Angeles,Los Angeles County,California,LosAngeles,1950,181
2024,06037128601,Census Tract 1286.01,Los Angeles,Los Angeles County,California,LosAngeles,1579,114
2024,06037128602,Census Tract 1286.02,Los Angeles,Los Angeles County,California,LosAngeles,1957,180
2024,06037128703,Census Tract 1287.03,Los Angeles,Los Angeles County,California,LosAngeles,2184,144
2024,06037128704,Census Tract 1287.04,Los Angeles,Los Angeles County,California,LosAngeles,1967,566
2024,06037128801,Census Tract 1288.01,Los Angeles,Los Angeles County,California,LosAngeles,2023,148
2024,06037128802,Census Tract 1288.02,Los Angeles,Los Angeles County,California,LosAngeles,2111,232
2024,06037128910,Census Tract 1289.10,Los Angeles,Los Angeles County,California,LosAngeles,2068,210
2024,06037131021,Census Tract 1310.21,Los Angeles,Los Angeles County,California,LosAngeles,1530,227
2024,06037131022,Census Tract 1310.22,Los Angeles,Los Angeles County,California,LosAngeles,1655,177
2024,06037131023,Census Tract 1310.23,Los Angeles,Los Angeles County,California,LosAngeles,1883,160
2024,06037131024,Census Tract 1310.24,Los Angeles,Los Angeles County,California,LosAngeles,2220,373
2024,06037131100,Census Tract 1311,Los Angeles,Los Angeles County,California,LosAngeles,2705,747
2024,06037131200,Census Tract 1312,Los Angeles,Los Angeles County,California,LosAngeles,1442,884
2024,06037131300,Census Tract 1313,Los Angeles,Los Angeles County,California,LosAngeles,1239,706
2024,06037131400,Census Tract 1314,Los Angeles,Los Angeles County,California,LosAngeles,1835,220
2024,06037131600,Census Tract 1316,Los Angeles,Los Angeles County,California,LosAngeles,2301,516
2024,06037131701,Census Tract 1317.01,Los Angeles,Los Angeles County,California,LosAngeles,1753,139
2024,06037131702,Census Tract 1317.02,Los Angeles,Los Angeles County,California,LosAngeles,2086,367
2024,06037131801,Census Tract 1318.01,Los Angeles,Los Angeles County,California,LosAngeles,1426,145
2024,06037131802,Census Tract 1318.02,Los Angeles,Los Angeles County,California,LosAngeles,1668,345
2024,06037131900,Census Tract 1319,Los Angeles,Los Angeles County,California,LosAngeles,2398,245
2024,06037132001,Census Tract 1320.01,Los Angeles,Los Angeles County,California,LosAngeles,1609,605
2024,06037132002,Census Tract 1320.02,Los Angeles,Los Angeles County,California,LosAngeles,2486,853
2024,06037132101,Census Tract 1321.01,Los Angeles,Los Angeles County,California,LosAngeles,1965,295
2024,06037132102,Census Tract 1321.02,Los Angeles,Los Angeles County,California,LosAngeles,1804,232
2024,06037132301,Census Tract 1323.01,Los Angeles,Los Angeles County,California,LosAngeles,1479,178
2024,06037132302,Census Tract 1323.02,Los Angeles,Los Angeles County,California,LosAngeles,1478,269
2024,06037132501,Census Tract 1325.01,Los Angeles,Los Angeles County,California,LosAngeles,1934,218
2024,06037132502,Census Tract 1325.02,Los Angeles,Los Angeles County,California,LosAngeles,1814,299
2024,06037132700,Census Tract 1327,Los Angeles,Los Angeles County,California,LosAngeles,1460,287
2024,06037132900,Census Tract 1329,Los Angeles,Los Angeles County,California,LosAngeles,2071,219
2024,06037133000,Census Tract 1330,Los Angeles,Los Angeles County,California,LosAngeles,2071,565
2024,06037133101,Census Tract 1331.01,Los Angeles,Los Angeles County,California,LosAngeles,1837,528
2024,06037133102,Census Tract 1331.02,Los Angeles,Los Angeles County,California,LosAngeles,1711,154
2024,06037134001,Census Tract 1340.01,Los Angeles,Los Angeles County,California,LosAngeles,1798,150
2024,06037134002,Census Tract 1340.02,Los Angeles,Los Angeles County,California,LosAngeles,1565,174
2024,06037134101,Census Tract 1341.01,Los Angeles,Los Angeles County,California,LosAngeles,2099,519
2024,06037134103,Census Tract 1341.03,Los Angeles,Los Angeles County,California,LosAngeles,1909,370
2024,06037134104,Census Tract 1341.04,Los Angeles,Los Angeles County,California,LosAngeles,1618,191
2024,06037134201,Census Tract 1342.01,Los Angeles,Los Angeles County,California,LosAngeles,1470,1353
2024,06037134302,Census Tract 1343.02,Los Angeles,Los Angeles County,California,LosAngeles,3252,198
2024,06037134303,Census Tract 1343.03,Los Angeles,Los Angeles County,California,LosAngeles,2196,559
2024,06037134304,Census Tract 1343.04,Los Angeles,Los Angeles County,California,LosAngeles,1868,179
2024,06037134305,Census Tract 1343.05,Los Angeles,Los Angeles County,California,LosAngeles,1650,90
2024,06037134306,Census Tract 1343.06,Los Angeles,Los Angeles County,California,LosAngeles,1774,147
2024,06037134421,Census Tract 1344.21,Los Angeles,Los Angeles County,California,LosAngeles,3501,
2024,06037134422,Census Tract 1344.22,Los Angeles,Los Angeles County,California,LosAngeles,3229,905
2024,06037134423,Census Tract 1344.23,Los Angeles,Los Angeles County,California,LosAngeles,3501,
2024,06037134424,Census Tract 1344.24,Los Angeles,Los Angeles County,California,LosAngeles,3501,
2024,06037134520,Census Tract 1345.20,Los Angeles,Los Angeles County,California,LosAngeles,1593,106
2024,06037134521,Census Tract 1345.21,Los Angeles,Los Angeles County,California,LosAngeles,1428,92
2024,06037134522,Census Tract 1345.22,Los Angeles,Los Angeles County,California,LosAngeles,1689,341
2024,06037134710,Census Tract 1347.10,Los Angeles,Los Angeles County,California,LosAngeles,1498,144
2024,06037134720,Census Tract 1347.20,Los Angeles,Los Angeles County,California,LosAngeles,2011,141
2024,06037134801,Census Tract 1348.01,Los Angeles,Los Angeles County,California,LosAngeles,2179,177
2024,06037134802,Census Tract 1348.02,Los Angeles,Los Angeles County,California,LosAngeles,2707,303
2024,06037134901,Census Tract 1349.01,Los Angeles,Los Angeles County,California,LosAngeles,1253,325
2024,06037134904,Census Tract 1349.04,Los Angeles,Los Angeles County,California,LosAngeles,1431,126
2024,06037134905,Census Tract 1349.05,Los Angeles,Los Angeles County,California,LosAngeles,3033,178
2024,06037134906,Census Tract 1349.06,Los Angeles,Los Angeles County,California,LosAngeles,1833,99
2024,06037134907,Census Tract 1349.07,Los Angeles,Los Angeles County,California,LosAngeles,2633,103
2024,06037135102,Census Tract 1351.02,Los Angeles,Los Angeles County,California,LosAngeles,2474,377
2024,06037135111,Census Tract 1351.11,Los Angeles,Los Angeles County,California,LosAngeles,1875,123
2024,06037135113,Census Tract 1351.13,Los Angeles,Los Angeles County,California,LosAngeles,2686,161
2024,06037135115,Census Tract 1351.15,Los Angeles,Los Angeles County,California,LosAngeles,2010,141
2024,06037135116,Census Tract 1351.16,Los Angeles,Los Angeles County,California,LosAngeles,1880,444
2024,06037135201,Census Tract 1352.01,Los Angeles,Los Angeles County,California,LosAngeles,2368,527
2024,06037135202,Census Tract 1352.02,Los Angeles,Los Angeles County,California,LosAngeles,3309,636
2024,06037135204,Census Tract 1352.04,Los Angeles,Los Angeles County,California,LosAngeles,3260,628
2024,06037135205,Census Tract 1352.05,Los Angeles,Los Angeles County,California,LosAngeles,3501,
2024,06037137000,Census Tract 1370,Los Angeles,Los Angeles County,California,LosAngeles,3095,1045
2024,06037137103,Census Tract 1371.03,Los Angeles,Los Angeles County,California,LosAngeles,2500,155
2024,06037137104,Census Tract 1371.04,Los Angeles,Los Angeles County,California,LosAngeles,1719,1040
2024,06037137202,Census Tract 1372.02,Los Angeles,Los Angeles County,California,LosAngeles,2219,106
2024,06037137203,Census Tract 1372.03,Los Angeles,Los Angeles County,California,LosAngeles,2159,317
2024,06037137301,Census Tract 1373.01,Los Angeles,Los Angeles County,California,LosAngeles,3501,
2024,06037137302,Census Tract 1373.02,Los Angeles,Los Angeles County,California,LosAngeles,3501,
2024,06037137401,Census Tract 1374.01,Los Angeles,Los Angeles County,California,LosAngeles,2757,251
2024,06037137402,Census Tract 1374.02,Los Angeles,Los Angeles County,California,LosAngeles,2408,1892
2024,06037137501,Census Tract 1375.01,Los Angeles,Los Angeles County,California,LosAngeles,2363,165
2024,06037137502,Census Tract 1375.02,Los Angeles,Los Angeles County,California,LosAngeles,2550,443
2024,06037137504,Census Tract 1375.04,Los Angeles,Los Angeles County,California,LosAngeles,,
2024,06037138000,Census Tract 1380,Los Angeles,Los Angeles County,California,LosAngeles,2959,1238
2024,06037139001,Census Tract 1390.01,Los Angeles,Los Angeles County,California,LosAngeles,2468,254
2024,06037139200,Census Tract 1392,Los Angeles,Los Angeles County,California,LosAngeles,2164,239
2024,06037139301,Census Tract 1393.01,Los Angeles,Los Angeles County,California,LosAngeles,3008,1589
2024,06037139302,Census Tract 1393.02,Los Angeles,Los Angeles County,California,LosAngeles,1948,187
2024,06037139303,Census Tract 1393.03,Los Angeles,Los Angeles County,California,LosAngeles,1613,156
2024,06037139401,Census Tract 1394.01,Los Angeles,Los Angeles County,California,LosAngeles,1866,365
2024,06037139402,Census Tract 1394.02,Los Angeles,Los Angeles County,California,LosAngeles,3501,
2024,06037139502,Census Tract 1395.02,Los Angeles,Los Angeles County,California,LosAngeles,2186,685
2024,06037139504,Census Tract 1395.04,Los Angeles,Los Angeles County,California,LosAngeles,1861,116
2024,06037139505,Census Tract 1395.05,Los Angeles,Los Angeles County,California,LosAngeles,1676,110
2024,06037139506,Census Tract 1395.06,Los Angeles,Los Angeles County,California,LosAngeles,1918,229
2024,06037139600,Census Tract 1396,Los Angeles,Los Angeles County,California,LosAngeles,1854,129
2024,06037139701,Census Tract 1397.01,Los Angeles,Los Angeles County,California,LosAngeles,2300,435
2024,06037139703,Census Tract 1397.03,Los Angeles,Los Angeles County,California,LosAngeles,3501,
2024,06037139704,Census Tract 1397.04,Los Angeles,Los Angeles County,California,LosAngeles,3501,
2024,06037139705,Census Tract 1397.05,Los Angeles,Los Angeles County,California,LosAngeles,3501,
2024,06037139801,Census Tract 1398.01,Los Angeles,Los Angeles County,California,LosAngeles,,
2024,06037139802,Census Tract 1398.02,Los Angeles,Los Angeles County,California,LosAngeles,3501,
2024,06037141101,Census Tract 1411.01,Los Angeles,Los Angeles County,California,LosAngeles,2303,217
2024,06037141102,Census Tract 1411.02,Los Angeles,Los Angeles County,California,LosAngeles,2209,231
2024,06037141201,Census Tract 1412.01,Los Angeles,Los Angeles County,California,LosAngeles,1894,87
2024,06037141202,Census Tract 1412.02,Los Angeles,Los Angeles County,California,LosAngeles,2419,181
2024,06037141303,Census Tract 1413.03,Los Angeles,Los Angeles County,California,LosAngeles,2271,179
2024,06037141304,Census Tract 1413.04,Los Angeles,Los Angeles County,California,LosAngeles,1903,204
2024,06037141305,Census Tract 1413.05,Los Angeles,Los Angeles County,California,LosAngeles,2021,303
2024,06037141306,Census Tract 1413.06,Los Angeles,Los Angeles County,California,LosAngeles,2498,246
2024,06037141400,Census Tract 1414,Los Angeles,Los Angeles County,California,LosAngeles,2043,230
2024,06037141500,Census Tract 1415,Los Angeles,Los Angeles County,California,LosAngeles,,
2024,06037141600,Census Tract 1416,Los Angeles,Los Angeles County,California,LosAngeles,3501,
2024,06037141700,Census Tract 1417,Los Angeles,Los Angeles County,California,LosAngeles,3501,
2024,06037143101,Census Tract 1431.01,Los Angeles,Los Angeles County,California,LosAngeles,2141,237
2024,06037143102,Census Tract 1431.02,Los Angeles,Los Angeles County,California,LosAngeles,2327,220
2024,06037143200,Census Tract 1432,Los Angeles,Los Angeles County,California,LosAngeles,2040,273
2024,06037143301,Census Tract 1433.01,Los Angeles,Los Angeles County,California,LosAngeles,1925,264
2024,06037143302,Census Tract 1433.02,Los Angeles,Los Angeles County,California,LosAngeles,1878,315
2024,06037143401,Census Tract 1434.01,Los Angeles,Los Angeles County,California,LosAngeles,2498,339
2024,06037143402,Census Tract 1434.02,Los Angeles,Los Angeles County,California,LosAngeles,2085,192
2024,06037143500,Census Tract 1435,Los Angeles,Los Angeles County,California,LosAngeles,2574,379
2024,06037143602,Census Tract 1436.02,Los Angeles,Los Angeles County,California,LosAngeles,1894,423
2024,06037143603,Census Tract 1436.03,Los Angeles,Los Angeles County,California,LosAngeles,2016,231
2024,06037143605,Census Tract 1436.05,Los Angeles,Los Angeles County,California,LosAngeles,2904,324
2024,06037143606,Census Tract 1436.06,Los Angeles,Los Angeles County,California,LosAngeles,2165,214
2024,06037143700,Census Tract 1437,Los Angeles,Los Angeles County,California,LosAngeles,1934,306
2024,06037143801,Census Tract 1438.01,Los Angeles,Los Angeles County,California,LosAngeles,3501,
2024,06037143802,Census Tract 1438.02,Los Angeles,Los Angeles County,California,LosAngeles,2123,591
2024,06037143901,Census Tract 1439.01,Los Angeles,Los Angeles County,California,LosAngeles,3501,
2024,06037143902,Census Tract 1439.02,Los Angeles,Los Angeles County,California,LosAngeles,2507,149
2024,06037181000,Census Tract 1810,Los Angeles,Los Angeles County,California,LosAngeles,1971,314
2024,06037181300,Census Tract 1813,Los Angeles,Los Angeles County,California,LosAngeles,2020,1052
2024,06037181400,Census Tract 1814,Los Angeles,Los Angeles County,California,LosAngeles,1747,111
2024,06037181500,Census Tract 1815,Los Angeles,Los Angeles County,California,LosAngeles,1940,680
2024,06037181600,Census Tract 1816,Los Angeles,Los Angeles County,California,LosAngeles,1644,299
2024,06037183101,Census Tract 1831.01,Los Angeles,Los Angeles County,California,LosAngeles,1686,199
2024,06037183103,Census Tract 1831.03,Los Angeles,Los Angeles County,California,LosAngeles,1678,168
2024,06037183104,Census Tract 1831.04,Los Angeles,Los Angeles County,California,LosAngeles,1805,124
2024,06037183220,Census Tract 1832.20,Los Angeles,Los Angeles County,California,LosAngeles,2430,1163
2024,06037183221,Census Tract 1832.21,Los Angeles,Los Angeles County,California,LosAngeles,1670,312
2024,06037183222,Census Tract 1832.22,Los Angeles,Los Angeles County,California,LosAngeles,1072,738
2024,06037183300,Census Tract 1833,Los Angeles,Los Angeles County,California,LosAngeles,2109,260
2024,06037183401,Census Tract 1834.01,Los Angeles,Los Angeles County,California,LosAngeles,1905,227
2024,06037183402,Census Tract 1834.02,Los Angeles,Los Angeles County,California,LosAngeles,1661,210
2024,06037183510,Census Tract 1835.10,Los Angeles,Los Angeles County,California,LosAngeles,1680,123
2024,06037183520,Census Tract 1835.20,Los Angeles,Los Angeles County,California,LosAngeles,1395,138
2024,06037183610,Census Tract 1836.10,Los Angeles,Los Angeles County,California,LosAngeles,2153,232
2024,06037183620,Census Tract 1836.20,Los Angeles,Los Angeles County,California,LosAngeles,1857,389
2024,06037183701,Census Tract 1837.01,Los Angeles,Los Angeles County,California,LosAngeles,1614,298
2024,06037183702,Census Tract 1837.02,Los Angeles,Los Angeles County,California,LosAngeles,1788,138
2024,06037183810,Census Tract 1838.10,Los Angeles,Los Angeles County,California,LosAngeles,1639,149
2024,06037183820,Census Tract 1838.20,Los Angeles,Los Angeles County,California,LosAngeles,1345,307
2024,06037185101,Census Tract 1851.01,Los Angeles,Los Angeles County,California,LosAngeles,1587,500
2024,06037185102,Census Tract 1851.02,Los Angeles,Los Angeles County,California,LosAngeles,3175,130
2024,06037185202,Census Tract 1852.02,Los Angeles,Los Angeles County,California,LosAngeles,1944,284
2024,06037185203,Census Tract 1852.03,Los Angeles,Los Angeles County,California,LosAngeles,1841,442
2024,06037185204,Census Tract 1852.04,Los Angeles,Los Angeles County,California,LosAngeles,,
2024,06037185310,Census Tract 1853.10,Los Angeles,Los Angeles County,California,LosAngeles,1662,101
2024,06037185320,Census Tract 1853.20,Los Angeles,Los Angeles County,California,LosAngeles,987,98
2024,06037186100,Census Tract 1861,Los Angeles,Los Angeles County,California,LosAngeles,1544,158
2024,06037186201,Census Tract 1862.01,Los Angeles,Los Angeles County,California,LosAngeles,1345,138
2024,06037186202,Census Tract 1862.02,Los Angeles,Los Angeles County,California,LosAngeles,1824,204
2024,06037186203,Census Tract 1862.03,Los Angeles,Los Angeles County,California,LosAngeles,3301,352
2024,06037186301,Census Tract 1863.01,Los Angeles,Los Angeles County,California,LosAngeles,1640,195
2024,06037186302,Census Tract 1863.02,Los Angeles,Los Angeles County,California,LosAngeles,1792,346
2024,06037186401,Census Tract 1864.01,Los Angeles,Los Angeles County,California,LosAngeles,1323,292
2024,06037186403,Census Tract 1864.03,Los Angeles,Los Angeles County,California,LosAngeles,1497,320
2024,06037186404,Census Tract 1864.04,Los Angeles,Los Angeles County,California,LosAngeles,1883,217
2024,06037187101,Census Tract 1871.01,Los Angeles,Los Angeles County,California,LosAngeles,1875,437
2024,06037187102,Census Tract 1871.02,Los Angeles,Los Angeles County,California,LosAngeles,1354,205
2024,06037187200,Census Tract 1872,Los Angeles,Los Angeles County,California,LosAngeles,2253,606
2024,06037187300,Census Tract 1873,Los Angeles,Los Angeles County,California,LosAngeles,2366,226
2024,06037188100,Census Tract 1881,Los Angeles,Los Angeles County,California,LosAngeles,2230,290
2024,06037188201,Census Tract 1882.01,Los Angeles,Los Angeles County,California,LosAngeles,2192,111
2024,06037188202,Census Tract 1882.02,Los Angeles,Los Angeles County,California,LosAngeles,2286,164
2024,06037188300,Census Tract 1883,Los Angeles,Los Angeles County,California,LosAngeles,2333,675
2024,06037189101,Census Tract 1891.01,Los Angeles,Los Angeles County,California,LosAngeles,2241,118
2024,06037189102,Census Tract 1891.02,Los Angeles,Los Angeles County,California,LosAngeles,2049,233
2024,06037189201,Census Tract 1892.01,Los Angeles,Los Angeles County,California,LosAngeles,1716,151
2024,06037189202,Census Tract 1892.02,Los Angeles,Los Angeles County,California,LosAngeles,2278,346
2024,06037189300,Census Tract 1893,Los Angeles,Los Angeles County,California,LosAngeles,1389,421
2024,06037189400,Census Tract 1894,Los Angeles,Los Angeles County,California,LosAngeles,2308,142
2024,06037189501,Census Tract 1895.01,Los Angeles,Los Angeles County,California,LosAngeles,1898,130
2024,06037189502,Census Tract 1895.02,Los Angeles,Los Angeles County,California,LosAngeles,1759,108
2024,06037189600,Census Tract 1896,Los Angeles,Los Angeles County,California,LosAngeles,1831,91
2024,06037189702,Census Tract 1897.02,Los Angeles,Los Angeles County,California,LosAngeles,1873,167
2024,06037189703,Census Tract 1897.03,Los Angeles,Los Angeles County,California,LosAngeles,2384,161
2024,06037189704,Census Tract 1897.04,Los Angeles,Los Angeles County,California,LosAngeles,2327,206
2024,06037189801,Census Tract 1898.01,Los Angeles,Los Angeles County,California,LosAngeles,2255,161
2024,06037189802,Census Tract 1898.02,Los Angeles,Los Angeles County,California,LosAngeles,2276,241
2024,06037189903,Census Tract 1899.03,Los Angeles,Los Angeles County,California,LosAngeles,2275,100
2024,06037189904,Census Tract 1899.04,Los Angeles,Los Angeles County,California,LosAngeles,2047,152
2024,06037189905,Census Tract 1899.05,Los Angeles,Los Angeles County,California,LosAngeles,1995,130
2024,06037189906,Census Tract 1899.06,Los Angeles,Los Angeles County,California,LosAngeles,2146,161
2024,06037189907,Census Tract 1899.07,Los Angeles,Los Angeles County,California,LosAngeles,1888,166
2024,06037190101,Census Tract 1901.01,Los Angeles,Los Angeles County,California,LosAngeles,1614,107
2024,06037190102,Census Tract 1901.02,Los Angeles,Los Angeles County,California,LosAngeles,1923,187
2024,06037190201,Census Tract 1902.01,Los Angeles,Los Angeles County,California,LosAngeles,1634,158
2024,06037190202,Census Tract 1902.02,Los Angeles,Los Angeles County,California,LosAngeles,1889,146
2024,06037190302,Census Tract 1903.02,Los Angeles,Los Angeles County,California,LosAngeles,1930,177
2024,06037190303,Census Tract 1903.03,Los Angeles,Los Angeles County,California,LosAngeles,1403,183
2024,06037190401,Census Tract 1904.01,Los Angeles,Los Angeles County,California,LosAngeles,1692,83
2024,06037190402,Census Tract 1904.02,Los Angeles,Los Angeles County,California,LosAngeles,1664,149
2024,06037190510,Census Tract 1905.10,Los Angeles,Los Angeles County,California,LosAngeles,1640,158
2024,06037190520,Census Tract 1905.20,Los Angeles,Los Angeles County,California,LosAngeles,1574,90
2024,06037190701,Census Tract 1907.01,Los Angeles,Los Angeles County,California,LosAngeles,1236,356
2024,06037190702,Census Tract 1907.02,Los Angeles,Los Angeles County,California,LosAngeles,1596,139
2024,06037190801,Census Tract 1908.01,Los Angeles,Los Angeles County,California,LosAngeles,1323,102
2024,06037190802,Census Tract 1908.02,Los Angeles,Los Angeles County,California,LosAngeles,1873,196
2024,06037190901,Census Tract 1909.01,Los Angeles,Los Angeles County,California,LosAngeles,1252,174
2024,06037190902,Census Tract 1909.02,Los Angeles,Los Angeles County,California,LosAngeles,1677,100
2024,06037191000,Census Tract 1910,Los Angeles,Los Angeles County,California,LosAngeles,2296,224
2024,06037191110,Census Tract 1911.10,Los Angeles,Los Angeles County,California,LosAngeles,1276,450
2024,06037191120,Census Tract 1911.20,Los Angeles,Los Angeles County,California,LosAngeles,1346,112
2024,06037191201,Census Tract 1912.01,Los Angeles,Los Angeles County,California,LosAngeles,1555,206
2024,06037191203,Census Tract 1912.03,Los Angeles,Los Angeles County,California,LosAngeles,1331,181
2024,06037191204,Census Tract 1912.04,Los Angeles,Los Angeles County,California,LosAngeles,1541,152
2024,06037191301,Census Tract 1913.01,Los Angeles,Los Angeles County,California,LosAngeles,1610,241
2024,06037191302,Census Tract 1913.02,Los Angeles,Los Angeles County,California,LosAngeles,1600,136
2024,06037191410,Census Tract 1914.10,Los Angeles,Los Angeles County,California,LosAngeles,1307,132
2024,06037191420,Census Tract 1914.20,Los Angeles,Los Angeles County,California,LosAngeles,1912,203
2024,06037191500,Census Tract 1915,Los Angeles,Los Angeles County,California,LosAngeles,1556,151
2024,06037191610,Census Tract 1916.10,Los Angeles,Los Angeles County,California,LosAngeles,1644,129
2024,06037191620,Census Tract 1916.20,Los Angeles,Los Angeles County,California,LosAngeles,1605,117
2024,06037191710,Census Tract 1917.10,Los Angeles,Los Angeles County,California,LosAngeles,1196,164
2024,06037191720,Census Tract 1917.20,Los Angeles,Los Angeles County,California,LosAngeles,1290,103
2024,06037191810,Census Tract 1918.10,Los Angeles,Los Angeles County,California,LosAngeles,1716,99
2024,06037191820,Census Tract 1918.20,Los Angeles,Los Angeles County,California,LosAngeles,2095,266
2024,06037191901,Census Tract 1919.01,Los Angeles,Los Angeles County,California,LosAngeles,2113,189
2024,06037191902,Census Tract 1919.02,Los Angeles,Los Angeles County,California,LosAngeles,2329,208
2024,06037192001,Census Tract 1920.01,Los Angeles,Los Angeles County,California,LosAngeles,1969,204
2024,06037192002,Census Tract 1920.02,Los Angeles,Los Angeles County,California,LosAngeles,2599,505
2024,06037192300,Census Tract 1923,Los Angeles,Los Angeles County,California,LosAngeles,2187,501
2024,06037192410,Census Tract 1924.10,Los Angeles,Los Angeles County,California,LosAngeles,2189,646
2024,06037192420,Census Tract 1924.20,Los Angeles,Los Angeles County,California,LosAngeles,2005,211
2024,06037192510,Census Tract 1925.10,Los Angeles,Los Angeles County,California,LosAngeles,1817,168
2024,06037192520,Census Tract 1925.20,Los Angeles,Los Angeles County,California,LosAngeles,1756,182
2024,06037192610,Census Tract 1926.10,Los Angeles,Los Angeles County,California,LosAngeles,1686,241
2024,06037192620,Census Tract 1926.20,Los Angeles,Los Angeles County,California,LosAngeles,1360,81
2024,06037192700,Census Tract 1927,Los Angeles,Los Angeles County,California,LosAngeles,1708,94
2024,06037194101,Census Tract 1941.01,Los Angeles,Los Angeles County,California,LosAngeles,2005,221
2024,06037194102,Census Tract 1941.02,Los Angeles,Los Angeles County,California,LosAngeles,2141,353
2024,06037194200,Census Tract 1942,Los Angeles,Los Angeles County,California,LosAngeles,2663,1274
2024,06037194300,Census Tract 1943,Los Angeles,Los Angeles County,California,LosAngeles,3501,
2024,06037194401,Census Tract 1944.01,Los Angeles,Los Angeles County,California,LosAngeles,2303,241
2024,06037194402,Census Tract 1944.02,Los Angeles,Los Angeles County,California,LosAngeles,2402,208
2024,06037194500,Census Tract 1945,Los Angeles,Los Angeles County,California,LosAngeles,2811,612
2024,06037195100,Census Tract 1951,Los Angeles,Los Angeles County,California,LosAngeles,,
2024,06037195201,Census Tract 1952.01,Los Angeles,Los Angeles County,California,LosAngeles,2031,181
2024,06037195202,Census Tract 1952.02,Los Angeles,Los Angeles County,California,LosAngeles,2483,347
2024,06037195300,Census Tract 1953,Los Angeles,Los Angeles County,California,LosAngeles,1782,185
2024,06037195400,Census Tract 1954,Los Angeles,Los Angeles County,California,LosAngeles,1893,200
2024,06037195500,Census Tract 1955,Los Angeles,Los Angeles County,California,LosAngeles,1860,394
2024,06037195600,Census Tract 1956,Los Angeles,Los Angeles County,California,LosAngeles,1772,609
2024,06037195710,Census Tract 1957.10,Los Angeles,Los Angeles County,California,LosAngeles,1723,477
2024,06037195720,Census Tract 1957.20,Los Angeles,Los Angeles County,California,LosAngeles,2061,198
2024,06037195802,Census Tract 1958.02,Los Angeles,Los Angeles County,California,LosAngeles,1737,169
2024,06037195803,Census Tract 1958.03,Los Angeles,Los Angeles County,California,LosAngeles,1896,182
2024,06037195804,Census Tract 1958.04,Los Angeles,Los Angeles County,California,LosAngeles,1409,388
2024,06037195901,Census Tract 1959.01,Los Angeles,Los Angeles County,California,LosAngeles,1900,333
2024,06037195902,Census Tract 1959.02,Los Angeles,Los Angeles County,California,LosAngeles,2145,173
2024,06037195903,Census Tract 1959.03,Los Angeles,Los Angeles County,California,LosAngeles,2062,198
2024,06037197200,Census Tract 1972,Los Angeles,Los Angeles County,California,LosAngeles,1245,1045
2024,06037197300,Census Tract 1973,Los Angeles,Los Angeles County,California,LosAngeles,1972,217
2024,06037197410,Census Tract 1974.10,Los Angeles,Los Angeles County,California,LosAngeles,2156,351
2024,06037197420,Census Tract 1974.20,Los Angeles,Los Angeles County,California,LosAngeles,1864,199
2024,06037197500,Census Tract 1975,Los Angeles,Los Angeles County,California,LosAngeles,1640,130
2024,06037197600,Census Tract 1976,Los Angeles,Los Angeles County,California,LosAngeles,1844,192
2024,06037197700,Census Tract 1977,Los Angeles,Los Angeles County,California,LosAngeles,1867,322
2024,06037199001,Census Tract 1990.01,Los Angeles,Los Angeles County,California,LosAngeles,1305,258
2024,06037199002,Census Tract 1990.02,Los Angeles,Los Angeles County,California,LosAngeles,1705,376
2024,06037199110,Census Tract 1991.10,Los Angeles,Los Angeles County,California,LosAngeles,1445,199
2024,06037199120,Census Tract 1991.20,Los Angeles,Los Angeles County,California,LosAngeles,1198,133
2024,06037199201,Census Tract 1992.01,Los Angeles,Los Angeles County,California,LosAngeles,1165,95
2024,06037199202,Census Tract 1992.02,Los Angeles,Los Angeles County,California,LosAngeles,1230,335
2024,06037199300,Census Tract 1993,Los Angeles,Los Angeles County,California,LosAngeles,1447,583
2024,06037199400,Census Tract 1994,Los Angeles,Los Angeles County,California,LosAngeles,1338,217
2024,06037199700,Census Tract 1997,Los Angeles,Los Angeles County,California,LosAngeles,1500,359
2024,06037199801,Census Tract 1998.01,Los Angeles,Los Angeles County,California,LosAngeles,1326,152
2024,06037199802,Census Tract 1998.02,Los Angeles,Los Angeles County,California,LosAngeles,1509,583
2024,06037199900,Census Tract 1999,Los Angeles,Los Angeles County,California,LosAngeles,1094,222
2024,06037201110,Census Tract 2011.10,Los Angeles,Los Angeles County,California,LosAngeles,1241,150
2024,06037201120,Census Tract 2011.20,Los Angeles,Los Angeles County,California,LosAngeles,1428,242
2024,06037201200,Census Tract 2012,Los Angeles,Los Angeles County,California,LosAngeles,1208,113
2024,06037201301,Census Tract 2013.01,Los Angeles,Los Angeles County,California,LosAngeles,983,228
2024,06037201302,Census Tract 2013.02,Los Angeles,Los Angeles County,California,LosAngeles,2381,668
2024,06037201401,Census Tract 2014.01,Los Angeles,Los Angeles County,California,LosAngeles,1599,156
2024,06037201402,Census Tract 2014.02,Los Angeles,Los Angeles County,California,LosAngeles,1744,243
2024,06037201501,Census Tract 2015.01,Los Angeles,Los Angeles County,California,LosAngeles,1476,132
2024,06037201503,Census Tract 2015.03,Los Angeles,Los Angeles County,California,LosAngeles,1296,146
2024,06037201504,Census Tract 2015.04,Los Angeles,Los Angeles County,California,LosAngeles,1350,134
2024,06037201601,Census Tract 2016.01,Los Angeles,Los Angeles County,California,LosAngeles,1250,374
2024,06037201602,Census Tract 2016.02,Los Angeles,Los Angeles County,California,LosAngeles,1557,254
2024,06037201700,Census Tract 2017,Los Angeles,Los Angeles County,California,LosAngeles,1467,196
2024,06037203100,Census Tract 2031,Los Angeles,Los Angeles County,California,LosAngeles,990,96
2024,06037203200,Census Tract 2032,Los Angeles,Los Angeles County,California,LosAngeles,1398,198
2024,06037203300,Census Tract 2033,Los Angeles,Los Angeles County,California,LosAngeles,1569,282
2024,06037203500,Census Tract 2035,Los Angeles,Los Angeles County,California,LosAngeles,1407,176
2024,06037203601,Census Tract 2036.01,Los Angeles,Los Angeles County,California,LosAngeles,1188,164
2024,06037203602,Census Tract 2036.02,Los Angeles,Los Angeles County,California,LosAngeles,1579,194
2024,06037203710,Census Tract 2037.10,Los Angeles,Los Angeles County,California,LosAngeles,1344,188
2024,06037203720,Census Tract 2037.20,Los Angeles,Los Angeles County,California,LosAngeles,1193,109
2024,06037203800,Census Tract 2038,Los Angeles,Los Angeles County,California,LosAngeles,1121,223
2024,06037203900,Census Tract 2039,Los Angeles,Los Angeles County,California,LosAngeles,1134,139
2024,06037204110,Census Tract 2041.10,Los Angeles,Los Angeles County,California,LosAngeles,1045,266
2024,06037204120,Census Tract 2041.20,Los Angeles,Los Angeles County,California,LosAngeles,1593,165
2024,06037204200,Census Tract 2042,Los Angeles,Los Angeles County,California,LosAngeles,1207,98
2024,06037204300,Census Tract 2043,Los Angeles,Los Angeles County,California,LosAngeles,1139,116
2024,06037204410,Census Tract 2044.10,Los Angeles,Los Angeles County,California,LosAngeles,1626,372
2024,06037204420,Census Tract 2044.20,Los Angeles,Los Angeles County,California,LosAngeles,1095,156
2024,06037204600,Census Tract 2046,Los Angeles,Los Angeles County,California,LosAngeles,1337,178
2024,06037204700,Census Tract 2047,Los Angeles,Los Angeles County,California,LosAngeles,1206,150
2024,06037204810,Census Tract 2048.10,Los Angeles,Los Angeles County,California,LosAngeles,1489,149
2024,06037204820,Census Tract 2048.20,Los Angeles,Los Angeles County,California,LosAngeles,1618,498
2024,06037204910,Census Tract 2049.10,Los Angeles,Los Angeles County,California,LosAngeles,994,150
2024,06037204920,Census Tract 2049.20,Los Angeles,Los Angeles County,California,LosAngeles,1273,180
2024,06037205110,Census Tract 2051.10,Los Angeles,Los Angeles County,California,LosAngeles,1459,137
2024,06037205120,Census Tract 2051.20,Los Angeles,Los Angeles County,California,LosAngeles,1130,185
2024,06037206010,Census Tract 2060.10,Los Angeles,Los Angeles County,California,LosAngeles,1234,216
2024,06037206020,Census Tract 2060.20,Los Angeles,Los Angeles County,California,LosAngeles,2866,203
2024,06037206050,Census Tract 2060.50,Los Angeles,Los Angeles County,California,LosAngeles,922,249
2024,06037206051,Census Tract 2060.51,Los Angeles,Los Angeles County,California,LosAngeles,2764,356
2024,06037206052,Census Tract 2060.52,Los Angeles,Los Angeles County,California,LosAngeles,2800,144
2024,06037206053,Census Tract 2060.53,Los Angeles,Los Angeles County,California,LosAngeles,1181,275
2024,06037206054,Census Tract 2060.54,Los Angeles,Los Angeles County,California,LosAngeles,1230,356
2024,06037206201,Census Tract 2062.01,Los Angeles,Los Angeles County,California,LosAngeles,2570,465
2024,06037206202,Census Tract 2062.02,Los Angeles,Los Angeles County,California,LosAngeles,742,586
2024,06037206301,Census Tract 2063.01,Los Angeles,Los Angeles County,California,LosAngeles,399,117
2024,06037206302,Census Tract 2063.02,Los Angeles,Los Angeles County,California,LosAngeles,302,80
2024,06037206303,Census Tract 2063.03,Los Angeles,Los Angeles County,California,LosAngeles,340,111
2024,06037207101,Census Tract 2071.01,Los Angeles,Los Angeles County,California,LosAngeles,1903,194
2024,06037207102,Census Tract 2071.02,Los Angeles,Los Angeles County,California,LosAngeles,1427,212
2024,06037207103,Census Tract 2071.03,Los Angeles,Los Angeles County,California,LosAngeles,1185,216
2024,06037207303,Census Tract 2073.03,Los Angeles,Los Angeles County,California,LosAngeles,1517,938
2024,06037207304,Census Tract 2073.04,Los Angeles,Los Angeles County,California,LosAngeles,846,283
2024,06037207305,Census Tract 2073.05,Los Angeles,Los Angeles County,California,LosAngeles,1828,163
2024,06037207306,Census Tract 2073.06,Los Angeles,Los Angeles County,California,LosAngeles,1787,515
2024,06037207307,Census Tract 2073.07,Los Angeles,Los Angeles County,California,LosAngeles,,
2024,06037207308,Census Tract 2073.08,Los Angeles,Los Angeles County,California,LosAngeles,2314,186
2024,06037207400,Census Tract 2074,Los Angeles,Los Angeles County,California,LosAngeles,2992,222
2024,06037207501,Census Tract 2075.01,Los Angeles,Los Angeles County,California,LosAngeles,2354,116
2024,06037207502,Census Tract 2075.02,Los Angeles,Los Angeles County,California,LosAngeles,,
2024,06037207711,Census Tract 2077.11,Los Angeles,Los Angeles County,California,LosAngeles,3088,293
2024,06037207712,Census Tract 2077.12,Los Angeles,Los Angeles County,California,LosAngeles,2488,277
2024,06037207901,Census Tract 2079.01,Los Angeles,Los Angeles County,California,LosAngeles,3062,242
2024,06037207902,Census Tract 2079.02,Los Angeles,Los Angeles County,California,LosAngeles,2733,102
2024,06037208001,Census Tract 2080.01,Los Angeles,Los Angeles County,California,LosAngeles,2229,177
2024,06037208002,Census Tract 2080.02,Los Angeles,Los Angeles County,California,LosAngeles,1322,149
2024,06037208301,Census Tract 2083.01,Los Angeles,Los Angeles County,California,LosAngeles,1316,133
2024,06037208302,Census Tract 2083.02,Los Angeles,Los Angeles County,California,LosAngeles,1091,155
2024,06037208401,Census Tract 2084.01,Los Angeles,Los Angeles County,California,LosAngeles,1269,151
2024,06037208402,Census Tract 2084.02,Los Angeles,Los Angeles County,California,LosAngeles,1739,158
2024,06037208501,Census Tract 2085.01,Los Angeles,Los Angeles County,California,LosAngeles,1917,174
2024,06037208502,Census Tract 2085.02,Los Angeles,Los Angeles County,California,LosAngeles,995,144
2024,06037208610,Census Tract 2086.10,Los Angeles,Los Angeles County,California,LosAngeles,1554,125
2024,06037208620,Census Tract 2086.20,Los Angeles,Los Angeles County,California,LosAngeles,1659,67
2024,06037208710,Census Tract 2087.10,Los Angeles,Los Angeles County,California,LosAngeles,1791,143
2024,06037208720,Census Tract 2087.20,Los Angeles,Los Angeles County,California,LosAngeles,1145,114
2024,06037208801,Census Tract 2088.01,Los Angeles,Los Angeles County,California,LosAngeles,1357,109
2024,06037208802,Census Tract 2088.02,Los Angeles,Los Angeles County,California,LosAngeles,1411,137
2024,06037208902,Census Tract 2089.02,Los Angeles,Los Angeles County,California,LosAngeles,1394,90
2024,06037208903,Census Tract 2089.03,Los Angeles,Los Angeles County,California,LosAngeles,1275,160
2024,06037208904,Census Tract 2089.04,Los Angeles,Los Angeles County,California,LosAngeles,932,163
2024,06037209103,Census Tract 2091.03,Los Angeles,Los Angeles County,California,LosAngeles,1177,83
2024,06037209104,Census Tract 2091.04,Los Angeles,Los Angeles County,California,LosAngeles,995,156
2024,06037209105,Census Tract 2091.05,Los Angeles,Los Angeles County,California,LosAngeles,1064,196
2024,06037209106,Census Tract 2091.06,Los Angeles,Los Angeles County,California,LosAngeles,1285,146
2024,06037209201,Census Tract 2092.01,Los Angeles,Los Angeles County,California,LosAngeles,2565,145
2024,06037209202,Census Tract 2092.02,Los Angeles,Los Angeles County,California,LosAngeles,1535,343
2024,06037209300,Census Tract 2093,Los Angeles,Los Angeles County,California,LosAngeles,1194,212
2024,06037209401,Census Tract 2094.01,Los Angeles,Los Angeles County,California,LosAngeles,1157,79
2024,06037209402,Census Tract 2094.02,Los Angeles,Los Angeles County,California,LosAngeles,1019,140
2024,06037209403,Census Tract 2094.03,Los Angeles,Los Angeles County,California,LosAngeles,971,181
2024,06037209510,Census Tract 2095.10,Los Angeles,Los Angeles County,California,LosAngeles,1402,221
2024,06037209520,Census Tract 2095.20,Los Angeles,Los Angeles County,California,LosAngeles,1240,97
2024,06037209810,Census Tract 2098.10,Los Angeles,Los Angeles County,California,LosAngeles,1017,151
2024,06037209820,Census Tract 2098.20,Los Angeles,Los Angeles County,California,LosAngeles,1003,107
2024,06037210010,Census Tract 2100.10,Los Angeles,Los Angeles County,California,LosAngeles,1018,257
2024,06037211000,Census Tract 2110,Los Angeles,Los Angeles County,California,LosAngeles,3501,
2024,06037211121,Census Tract 2111.21,Los Angeles,Los Angeles County,California,LosAngeles,1794,165
2024,06037211122,Census Tract 2111.22,Los Angeles,Los Angeles County,California,LosAngeles,1858,158
2024,06037211123,Census Tract 2111.23,Los Angeles,Los Angeles County,California,LosAngeles,2453,276
2024,06037211124,Census Tract 2111.24,Los Angeles,Los Angeles County,California,LosAngeles,1799,72
2024,06037211201,Census Tract 2112.01,Los Angeles,Los Angeles County,California,LosAngeles,1503,146
2024,06037211202,Census Tract 2112.02,Los Angeles,Los Angeles County,California,LosAngeles,1497,270
2024,06037211310,Census Tract 2113.10,Los Angeles,Los Angeles County,California,LosAngeles,1518,135
2024,06037211320,Census Tract 2113.20,Los Angeles,Los Angeles County,California,LosAngeles,1436,162
2024,06037211410,Census Tract 2114.10,Los Angeles,Los Angeles County,California,LosAngeles,1526,139
2024,06037211420,Census Tract 2114.20,Los Angeles,Los Angeles County,California,LosAngeles,1597,134
2024,06037211500,Census Tract 2115,Los Angeles,Los Angeles County,California,LosAngeles,1770,308
2024,06037211701,Census Tract 2117.01,Los Angeles,Los Angeles County,California,LosAngeles,2218,239
2024,06037211703,Census Tract 2117.03,Los Angeles,Los Angeles County,California,LosAngeles,1609,99
2024,06037211704,Census Tract 2117.04,Los Angeles,Los Angeles County,California,LosAngeles,1608,125
2024,06037211802,Census Tract 2118.02,Los Angeles,Los Angeles County,California,LosAngeles,1678,106
2024,06037211803,Census Tract 2118.03,Los Angeles,Los Angeles County,California,LosAngeles,1769,48
2024,06037211804,Census Tract 2118.04,Los Angeles,Los Angeles County,California,LosAngeles,1625,83
2024,06037211910,Census Tract 2119.10,Los Angeles,Los Angeles County,California,LosAngeles,1585,97
2024,06037211921,Census Tract 2119.21,Los Angeles,Los Angeles County,California,LosAngeles,1481,164
2024,06037211922,Census Tract 2119.22,Los Angeles,Los Angeles County,California,LosAngeles,1528,135
2024,06037212101,Census Tract 2121.01,Los Angeles,Los Angeles County,California,LosAngeles,1889,153
2024,06037212102,Census Tract 2121.02,Los Angeles,Los Angeles County,California,LosAngeles,1534,224
2024,06037212202,Census Tract 2122.02,Los Angeles,Los Angeles County,California,LosAngeles,1678,146
2024,06037212203,Census Tract 2122.03,Los Angeles,Los Angeles County,California,LosAngeles,1171,222
2024,06037212204,Census Tract 2122.04,Los Angeles,Los Angeles County,California,LosAngeles,1524,303
2024,06037212303,Census Tract 2123.03,Los Angeles,Los Angeles County,California,LosAngeles,1692,397
2024,06037212304,Census Tract 2123.04,Los Angeles,Los Angeles County,California,LosAngeles,1598,123
2024,06037212305,Census Tract 2123.05,Los Angeles,Los Angeles County,California,LosAngeles,1353,116
2024,06037212306,Census Tract 2123.06,Los Angeles,Los Angeles County,California,LosAngeles,1864,139
2024,06037212410,Census Tract 2124.10,Los Angeles,Los Angeles County,California,LosAngeles,1707,144
2024,06037212420,Census Tract 2124.20,Los Angeles,Los Angeles County,California,LosAngeles,1598,116
2024,06037212501,Census Tract 2125.01,Los Angeles,Los Angeles County,California,LosAngeles,1639,105
2024,06037212502,Census Tract 2125.02,Los Angeles,Los Angeles County,California,LosAngeles,2115,114
2024,06037212610,Census Tract 2126.10,Los Angeles,Los Angeles County,California,LosAngeles,1756,106
2024,06037212620,Census Tract 2126.20,Los Angeles,Los Angeles County,California,LosAngeles,1534,126
2024,06037212701,Census Tract 2127.01,Los Angeles,Los Angeles County,California,LosAngeles,1665,256
2024,06037212702,Census Tract 2127.02,Los Angeles,Los Angeles County,California,LosAngeles,1790,192
2024,06037212800,Census Tract 2128,Los Angeles,Los Angeles County,California,LosAngeles,1603,338
2024,06037212900,Census Tract 2129,Los Angeles,Los Angeles County,California,LosAngeles,1358,111
2024,06037213100,Census Tract 2131,Los Angeles,Los Angeles County,California,LosAngeles,1609,173
2024,06037213201,Census Tract 2132.01,Los Angeles,Los Angeles County,California,LosAngeles,1507,193
2024,06037213202,Census Tract 2132.02,Los Angeles,Los Angeles County,California,LosAngeles,1524,219
2024,06037213310,Census Tract 2133.10,Los Angeles,Los Angeles County,California,LosAngeles,1543,196
2024,06037213320,Census Tract 2133.20,Los Angeles,Los Angeles County,California,LosAngeles,1337,158
2024,06037213401,Census Tract 2134.01,Los Angeles,Los Angeles County,California,LosAngeles,1338,125
2024,06037213402,Census Tract 2134.02,Los Angeles,Los Angeles County,California,LosAngeles,1456,190
2024,06037214000,Census Tract 2140,Los Angeles,Los Angeles County,California,LosAngeles,2940,368
2024,06037214100,Census Tract 2141,Los Angeles,Los Angeles County,California,LosAngeles,2708,264
2024,06037214400,Census Tract 2144,Los Angeles,Los Angeles County,California,LosAngeles,2548,206
2024,06037214501,Census Tract 2145.01,Los Angeles,Los Angeles County,California,LosAngeles,3344,337
2024,06037214503,Census Tract 2145.03,Los Angeles,Los Angeles County,California,LosAngeles,2729,107
2024,06037214504,Census Tract 2145.04,Los Angeles,Los Angeles County,California,LosAngeles,2659,90
2024,06037214505,Census Tract 2145.05,Los Angeles,Los Angeles County,California,LosAngeles,3407,293
2024,06037214600,Census Tract 2146,Los Angeles,Los Angeles County,California,LosAngeles,2227,170
2024,06037214700,Census Tract 2147,Los Angeles,Los Angeles County,California,LosAngeles,2518,300
2024,06037214800,Census Tract 2148,Los Angeles,Los Angeles County,California,LosAngeles,2253,135
2024,06037214902,Census Tract 2149.02,Los Angeles,Los Angeles County,California,LosAngeles,2418,173
2024,06037214903,Census Tract 2149.03,Los Angeles,Los Angeles County,California,LosAngeles,2084,430
2024,06037214904,Census Tract 2149.04,Los Angeles,Los Angeles County,California,LosAngeles,2470,431
2024,06037215101,Census Tract 2151.01,Los Angeles,Los Angeles County,California,LosAngeles,2410,318
2024,06037215102,Census Tract 2151.02,Los Angeles,Los Angeles County,California,LosAngeles,2099,211
2024,06037216100,Census Tract 2161,Los Angeles,Los Angeles County,California,LosAngeles,2000,788
2024,06037216201,Census Tract 2162.01,Los Angeles,Los Angeles County,California,LosAngeles,2838,363
2024,06037216202,Census Tract 2162.02,Los Angeles,Los Angeles County,California,LosAngeles,1884,134
2024,06037216301,Census Tract 2163.01,Los Angeles,Los Angeles County,California,LosAngeles,3094,1054
2024,06037216302,Census Tract 2163.02,Los Angeles,Los Angeles County,California,LosAngeles,2221,150
2024,06037216401,Census Tract 2164.01,Los Angeles,Los Angeles County,California,LosAngeles,2563,223
2024,06037216402,Census Tract 2164.02,Los Angeles,Los Angeles County,California,LosAngeles,2512,181
2024,06037216700,Census Tract 2167,Los Angeles,Los Angeles County,California,LosAngeles,1894,207
2024,06037216800,Census Tract 2168,Los Angeles,Los Angeles County,California,LosAngeles,2465,289
2024,06037216901,Census Tract 2169.01,Los Angeles,Los Angeles County,California,LosAngeles,2219,197
2024,06037216902,Census Tract 2169.02,Los Angeles,Los Angeles County,California,LosAngeles,1873,292
2024,06037217001,Census Tract 2170.01,Los Angeles,Los Angeles County,California,LosAngeles,2225,331
2024,06037217002,Census Tract 2170.02,Los Angeles,Los Angeles County,California,LosAngeles,2264,88
2024,06037217101,Census Tract 2171.01,Los Angeles,Los Angeles County,California,LosAngeles,1662,354
2024,06037217102,Census Tract 2171.02,Los Angeles,Los Angeles County,California,LosAngeles,2068,211
2024,06037217200,Census Tract 2172,Los Angeles,Los Angeles County,California,LosAngeles,1728,303
2024,06037218110,Census Tract 2181.10,Los Angeles,Los Angeles County,California,LosAngeles,1432,234
2024,06037218120,Census Tract 2181.20,Los Angeles,Los Angeles County,California,LosAngeles,1288,222
2024,06037218210,Census Tract 2182.10,Los Angeles,Los Angeles County,California,LosAngeles,1472,165
2024,06037218220,Census Tract 2182.20,Los Angeles,Los Angeles County,California,LosAngeles,1645,221
2024,06037218300,Census Tract 2183,Los Angeles,Los Angeles County,California,LosAngeles,1687,232
2024,06037218400,Census Tract 2184,Los Angeles,Los Angeles County,California,LosAngeles,2105,304
2024,06037218500,Census Tract 2185,Los Angeles,Los Angeles County,California,LosAngeles,1334,203
2024,06037218600,Census Tract 2186,Los Angeles,Los Angeles County,California,LosAngeles,1698,331
2024,06037218701,Census Tract 2187.01,Los Angeles,Los Angeles County,California,LosAngeles,1650,179
2024,06037218702,Census Tract 2187.02,Los Angeles,Los Angeles County,California,LosAngeles,1491,238
2024,06037218800,Census Tract 2188,Los Angeles,Los Angeles County,California,LosAngeles,1846,242
2024,06037218900,Census Tract 2189,Los Angeles,Los Angeles County,California,LosAngeles,1534,133
2024,06037219010,Census Tract 2190.10,Los Angeles,Los Angeles County,California,LosAngeles,1336,210
2024,06037219020,Census Tract 2190.20,Los Angeles,Los Angeles County,California,LosAngeles,1263,183
2024,06037219300,Census Tract 2193,Los Angeles,Los Angeles County,California,LosAngeles,1362,98
2024,06037219500,Census Tract 2195,Los Angeles,Los Angeles County,California,LosAngeles,1811,283
2024,06037219700,Census Tract 2197,Los Angeles,Los Angeles County,California,LosAngeles,1582,254
2024,06037219800,Census Tract 2198,Los Angeles,Los Angeles County,California,LosAngeles,1448,179
2024,06037219901,Census Tract 2199.01,Los Angeles,Los Angeles County,California,LosAngeles,1668,227
2024,06037219902,Census Tract 2199.02,Los Angeles,Los Angeles County,California,LosAngeles,3430,518
2024,06037220000,Census Tract 2200,Los Angeles,Los Angeles County,California,LosAngeles,1568,200
2024,06037220100,Census Tract 2201,Los Angeles,Los Angeles County,California,LosAngeles,1142,109
2024,06037221110,Census Tract 2211.10,Los Angeles,Los Angeles County,California,LosAngeles,1061,101
2024,06037221120,Census Tract 2211.20,Los Angeles,Los Angeles County,California,LosAngeles,1298,90
2024,06037221210,Census Tract 2212.10,Los Angeles,Los Angeles County,California,LosAngeles,1228,153
2024,06037221220,Census Tract 2212.20,Los Angeles,Los Angeles County,California,LosAngeles,1273,156
2024,06037221302,Census Tract 2213.02,Los Angeles,Los Angeles County,California,LosAngeles,1301,289
2024,06037221303,Census Tract 2213.03,Los Angeles,Los Angeles County,California,LosAngeles,1287,155
2024,06037221304,Census Tract 2213.04,Los Angeles,Los Angeles County,California,LosAngeles,1353,87
2024,06037221401,Census Tract 2214.01,Los Angeles,Los Angeles County,California,LosAngeles,1362,183
2024,06037221402,Census Tract 2214.02,Los Angeles,Los Angeles County,California,LosAngeles,1105,165
2024,06037221500,Census Tract 2215,Los Angeles,Los Angeles County,California,LosAngeles,1015,196
2024,06037221601,Census Tract 2216.01,Los Angeles,Los Angeles County,California,LosAngeles,1175,150
2024,06037221602,Census Tract 2216.02,Los Angeles,Los Angeles County,California,LosAngeles,1093,171
2024,06037221710,Census Tract 2217.10,Los Angeles,Los Angeles County,California,LosAngeles,1250,277
2024,06037221810,Census Tract 2218.10,Los Angeles,Los Angeles County,California,LosAngeles,1558,138
2024,06037221820,Census Tract 2218.20,Los Angeles,Los Angeles County,California,LosAngeles,1811,126
2024,06037221900,Census Tract 2219,Los Angeles,Los Angeles County,California,LosAngeles,1481,193
2024,06037222001,Census Tract 2220.01,Los Angeles,Los Angeles County,California,LosAngeles,1179,237
2024,06037222002,Census Tract 2220.02,Los Angeles,Los Angeles County,California,LosAngeles,1295,200
2024,06037222100,Census Tract 2221,Los Angeles,Los Angeles County,California,LosAngeles,1644,201
2024,06037222200,Census Tract 2222,Los Angeles,Los Angeles County,California,LosAngeles,1396,225
2024,06037222500,Census Tract 2225,Los Angeles,Los Angeles County,California,LosAngeles,1322,150
2024,06037222600,Census Tract 2226,Los Angeles,Los Angeles County,California,LosAngeles,1494,365
2024,06037222700,Census Tract 2227,Los Angeles,Los Angeles County,California,LosAngeles,1805,96
2024,06037224010,Census Tract 2240.10,Los Angeles,Los Angeles County,California,LosAngeles,1907,369
2024,06037224020,Census Tract 2240.20,Los Angeles,Los Angeles County,California,LosAngeles,1167,77
2024,06037224200,Census Tract 2242,Los Angeles,Los Angeles County,California,LosAngeles,1137,137
2024,06037224310,Census Tract 2243.10,Los Angeles,Los Angeles County,California,LosAngeles,1116,112
2024,06037224320,Census Tract 2243.20,Los Angeles,Los Angeles County,California,LosAngeles,1172,79
2024,06037224410,Census Tract 2244.10,Los Angeles,Los Angeles County,California,LosAngeles,1404,110
2024,06037224420,Census Tract 2244.20,Los Angeles,Los Angeles County,California,LosAngeles,845,136
2024,06037224600,Census Tract 2246,Los Angeles,Los Angeles County,California,LosAngeles,1110,87
2024,06037224701,Census Tract 2247.01,Los Angeles,Los Angeles County,California,LosAngeles,2016,467
2024,06037224702,Census Tract 2247.02,Los Angeles,Los Angeles County,California,LosAngeles,1695,433
2024,06037226001,Census Tract 2260.01,Los Angeles,Los Angeles County,California,LosAngeles,1030,201
2024,06037226002,Census Tract 2260.02,Los Angeles,Los Angeles County,California,LosAngeles,1678,395
2024,06037226410,Census Tract 2264.10,Los Angeles,Los Angeles County,California,LosAngeles,1144,105
2024,06037226420,Census Tract 2264.20,Los Angeles,Los Angeles County,California,LosAngeles,1176,75
2024,06037226701,Census Tract 2267.01,Los Angeles,Los Angeles County,California,LosAngeles,1348,185
2024,06037226702,Census Tract 2267.02,Los Angeles,Los Angeles County,California,LosAngeles,1207,179
2024,06037227010,Census Tract 2270.10,Los Angeles,Los Angeles County,California,LosAngeles,1152,74
2024,06037227020,Census Tract 2270.20,Los Angeles,Los Angeles County,California,LosAngeles,1434,217
2024,06037228100,Census Tract 2281,Los Angeles,Los Angeles County,California,LosAngeles,1367,90
2024,06037228210,Census Tract 2282.10,Los Angeles,Los Angeles County,California,LosAngeles,1149,81
2024,06037228220,Census Tract 2282.20,Los Angeles,Los Angeles County,California,LosAngeles,1412,264
2024,06037228310,Census Tract 2283.10,Los Angeles,Los Angeles County,California,LosAngeles,1215,134
2024,06037228320,Census Tract 2283.20,Los Angeles,Los Angeles County,California,LosAngeles,1301,105
2024,06037228410,Census Tract 2284.10,Los Angeles,Los Angeles County,California,LosAngeles,1473,344
2024,06037228420,Census Tract 2284.20,Los Angeles,Los Angeles County,California,LosAngeles,1364,225
2024,06037228500,Census Tract 2285,Los Angeles,Los Angeles County,California,LosAngeles,1216,314
2024,06037228600,Census Tract 2286,Los Angeles,Los Angeles County,California,LosAngeles,1689,231
2024,06037228710,Census Tract 2287.10,Los Angeles,Los Angeles County,California,LosAngeles,1362,268
2024,06037228720,Census Tract 2287.20,Los Angeles,Los Angeles County,California,LosAngeles,1322,175
2024,06037228800,Census Tract 2288,Los Angeles,Los Angeles County,California,LosAngeles,1380,207
2024,06037228900,Census Tract 2289,Los Angeles,Los Angeles County,California,LosAngeles,1115,119
2024,06037229100,Census Tract 2291,Los Angeles,Los Angeles County,California,LosAngeles,1521,253
2024,06037229200,Census Tract 2292,Los Angeles,Los Angeles County,California,LosAngeles,1354,135
2024,06037229300,Census Tract 2293,Los Angeles,Los Angeles County,California,LosAngeles,1227,126
2024,06037229410,Census Tract 2294.10,Los Angeles,Los Angeles County,California,LosAngeles,1560,256
2024,06037229420,Census Tract 2294.20,Los Angeles,Los Angeles County,California,LosAngeles,1329,153
2024,06037231100,Census Tract 2311,Los Angeles,Los Angeles County,California,LosAngeles,1152,137
2024,06037231210,Census Tract 2312.10,Los Angeles,Los Angeles County,California,LosAngeles,1196,96
2024,06037231220,Census Tract 2312.20,Los Angeles,Los Angeles County,California,LosAngeles,1151,316
2024,06037231301,Census Tract 2313.01,Los Angeles,Los Angeles County,California,LosAngeles,1412,149
2024,06037231302,Census Tract 2313.02,Los Angeles,Los Angeles County,California,LosAngeles,1323,274
2024,06037231400,Census Tract 2314,Los Angeles,Los Angeles County,California,LosAngeles,1328,319
2024,06037231500,Census Tract 2315,Los Angeles,Los Angeles County,California,LosAngeles,1495,394
2024,06037231601,Census Tract 2316.01,Los Angeles,Los Angeles County,California,LosAngeles,1260,792
2024,06037231602,Census Tract 2316.02,Los Angeles,Los Angeles County,California,LosAngeles,1607,100
2024,06037231603,Census Tract 2316.03,Los Angeles,Los Angeles County,California,LosAngeles,1175,130
2024,06037231710,Census Tract 2317.10,Los Angeles,Los Angeles County,California,LosAngeles,1350,296
2024,06037231720,Census Tract 2317.20,Los Angeles,Los Angeles County,California,LosAngeles,1079,135
2024,06037231800,Census Tract 2318,Los Angeles,Los Angeles County,California,LosAngeles,1226,119
2024,06037231901,Census Tract 2319.01,Los Angeles,Los Angeles County,California,LosAngeles,1434,309
2024,06037231902,Census Tract 2319.02,Los Angeles,Los Angeles County,California,LosAngeles,1126,143
2024,06037232110,Census Tract 2321.10,Los Angeles,Los Angeles County,California,LosAngeles,1351,175
2024,06037232120,Census Tract 2321.20,Los Angeles,Los Angeles County,California,LosAngeles,1178,84
2024,06037232200,Census Tract 2322,Los Angeles,Los Angeles County,California,LosAngeles,1549,196
2024,06037232300,Census Tract 2323,Los Angeles,Los Angeles County,California,LosAngeles,1533,284
2024,06037232401,Census Tract 2324.01,Los Angeles,Los Angeles County,California,LosAngeles,1810,419
2024,06037232402,Census Tract 2324.02,Los Angeles,Los Angeles County,California,LosAngeles,858,185
2024,06037232500,Census Tract 2325,Los Angeles,Los Angeles County,California,LosAngeles,1359,230
2024,06037232601,Census Tract 2326.01,Los Angeles,Los Angeles County,California,LosAngeles,1242,118
2024,06037232602,Census Tract 2326.02,Los Angeles,Los Angeles County,California,LosAngeles,1392,265
2024,06037232701,Census Tract 2327.01,Los Angeles,Los Angeles County,California,LosAngeles,1197,261
2024,06037232702,Census Tract 2327.02,Los Angeles,Los Angeles County,California,LosAngeles,1350,216
2024,06037232800,Census Tract 2328,Los Angeles,Los Angeles County,California,LosAngeles,921,175
2024,06037234001,Census Tract 2340.01,Los Angeles,Los Angeles County,California,LosAngeles,1765,307
2024,06037234002,Census Tract 2340.02,Los Angeles,Los Angeles County,California,LosAngeles,1526,238
2024,06037234200,Census Tract 2342,Los Angeles,Los Angeles County,California,LosAngeles,1455,512
2024,06037234301,Census Tract 2343.01,Los Angeles,Los Angeles County,California,LosAngeles,1232,130
2024,06037234302,Census Tract 2343.02,Los Angeles,Los Angeles County,California,LosAngeles,1391,308
2024,06037234501,Census Tract 2345.01,Los Angeles,Los Angeles County,California,LosAngeles,1460,232
2024,06037234502,Census Tract 2345.02,Los Angeles,Los Angeles County,California,LosAngeles,1145,420
2024,06037234600,Census Tract 2346,Los Angeles,Los Angeles County,California,LosAngeles,1458,165
2024,06037234700,Census Tract 2347,Los Angeles,Los Angeles County,California,LosAngeles,1435,120
2024,06037234800,Census Tract 2348,Los Angeles,Los Angeles County,California,LosAngeles,1637,215
2024,06037234901,Census Tract 2349.01,Los Angeles,Los Angeles County,California,LosAngeles,936,76
2024,06037234902,Census Tract 2349.02,Los Angeles,Los Angeles County,California,LosAngeles,1114,304
2024,06037235100,Census Tract 2351,Los Angeles,Los Angeles County,California,LosAngeles,1484,479
2024,06037235201,Census Tract 2352.01,Los Angeles,Los Angeles County,California,LosAngeles,1100,172
2024,06037235202,Census Tract 2352.02,Los Angeles,Los Angeles County,California,LosAngeles,1606,138
2024,06037236001,Census Tract 2360.01,Los Angeles,Los Angeles County,California,LosAngeles,3102,466
2024,06037236101,Census Tract 2361.01,Los Angeles,Los Angeles County,California,LosAngeles,1301,212
2024,06037236102,Census Tract 2361.02,Los Angeles,Los Angeles County,California,LosAngeles,1362,272
2024,06037236203,Census Tract 2362.03,Los Angeles,Los Angeles County,California,LosAngeles,1324,114
2024,06037236204,Census Tract 2362.04,Los Angeles,Los Angeles County,California,LosAngeles,1494,129
2024,06037236205,Census Tract 2362.05,Los Angeles,Los Angeles County,California,LosAngeles,1296,167
2024,06037236206,Census Tract 2362.06,Los Angeles,Los Angeles County,California,LosAngeles,1474,172
2024,06037236400,Census Tract 2364,Los Angeles,Los Angeles County,California,LosAngeles,1653,127
2024,06037237101,Census Tract 2371.01,Los Angeles,Los Angeles County,California,LosAngeles,1330,228
2024,06037237102,Census Tract 2371.02,Los Angeles,Los Angeles County,California,LosAngeles,1304,108
2024,06037237201,Census Tract 2372.01,Los Angeles,Los Angeles County,California,LosAngeles,1350,161
2024,06037237202,Census Tract 2372.02,Los Angeles,Los Angeles County,California,LosAngeles,1652,860
2024,06037237300,Census Tract 2373,Los Angeles,Los Angeles County,California,LosAngeles,1289,462
2024,06037237401,Census Tract 2374.01,Los Angeles,Los Angeles County,California,LosAngeles,1166,116
2024,06037237402,Census Tract 2374.02,Los Angeles,Los Angeles County,California,LosAngeles,1105,281
2024,06037237500,Census Tract 2375,Los Angeles,Los Angeles County,California,LosAngeles,1222,70
2024,06037237600,Census Tract 2376,Los Angeles,Los Angeles County,California,LosAngeles,1170,112
2024,06037237710,Census Tract 2377.10,Los Angeles,Los Angeles County,California,LosAngeles,1558,226
2024,06037237720,Census Tract 2377.20,Los Angeles,Los Angeles County,California,LosAngeles,1533,179
2024,06037237800,Census Tract 2378,Los Angeles,Los Angeles County,California,LosAngeles,1035,343
2024,06037237900,Census Tract 2379,Los Angeles,Los Angeles County,California,LosAngeles,1243,772
2024,06037238000,Census Tract 2380,Los Angeles,Los Angeles County,California,LosAngeles,1227,552
2024,06037238100,Census Tract 2381,Los Angeles,Los Angeles County,California,LosAngeles,925,192
2024,06037238200,Census Tract 2382,Los Angeles,Los Angeles County,California,LosAngeles,1056,218
2024,06037238310,Census Tract 2383.10,Los Angeles,Los Angeles County,California,LosAngeles,1512,203
2024,06037238320,Census Tract 2383.20,Los Angeles,Los Angeles County,California,LosAngeles,1160,122
2024,06037238400,Census Tract 2384,Los Angeles,Los Angeles County,California,LosAngeles,1158,114
2024,06037239201,Census Tract 2392.01,Los Angeles,Los Angeles County,California,LosAngeles,1239,193
2024,06037239202,Census Tract 2392.02,Los Angeles,Los Angeles County,California,LosAngeles,1237,226
2024,06037239310,Census Tract 2393.10,Los Angeles,Los Angeles County,California,LosAngeles,1267,269
2024,06037239320,Census Tract 2393.20,Los Angeles,Los Angeles County,California,LosAngeles,1395,202
2024,06037239330,Census Tract 2393.30,Los Angeles,Los Angeles County,California,LosAngeles,1199,270
2024,06037239501,Census Tract 2395.01,Los Angeles,Los Angeles County,California,LosAngeles,1425,153
2024,06037239502,Census Tract 2395.02,Los Angeles,Los Angeles County,California,LosAngeles,1332,127
2024,06037239601,Census Tract 2396.01,Los Angeles,Los Angeles County,California,LosAngeles,1252,237
2024,06037239602,Census Tract 2396.02,Los Angeles,Los Angeles County,California,LosAngeles,1276,164
2024,06037239701,Census Tract 2397.01,Los Angeles,Los Angeles County,California,LosAngeles,989,121
2024,06037239702,Census Tract 2397.02,Los Angeles,Los Angeles County,California,LosAngeles,1209,167
2024,06037239801,Census Tract 2398.01,Los Angeles,Los Angeles County,California,LosAngeles,1464,310
2024,06037239802,Census Tract 2398.02,Los Angeles,Los Angeles County,California,LosAngeles,1328,166
2024,06037240010,Census Tract 2400.10,Los Angeles,Los Angeles County,California,LosAngeles,1406,188
2024,06037240020,Census Tract 2400.20,Los Angeles,Los Angeles County,California,LosAngeles,1608,438
2024,06037240200,Census Tract 2402,Los Angeles,Los Angeles County,California,LosAngeles,1232,293
2024,06037240301,Census Tract 2403.01,Los Angeles,Los Angeles County,California,LosAngeles,1170,212
2024,06037240302,Census Tract 2403.02,Los Angeles,Los Angeles County,California,LosAngeles,1203,179
2024,06037240401,Census Tract 2404.01,Los Angeles,Los Angeles County,California,LosAngeles,1316,163
2024,06037240402,Census Tract 2404.02,Los Angeles,Los Angeles County,California,LosAngeles,1026,610
2024,06037240500,Census Tract 2405,Los Angeles,Los Angeles County,California,LosAngeles,1353,238
2024,06037240600,Census Tract 2406,Los Angeles,Los Angeles County,California,LosAngeles,1351,221
2024,06037240700,Census Tract 2407,Los Angeles,Los Angeles County,California,LosAngeles,1431,159
2024,06037240800,Census Tract 2408,Los Angeles,Los Angeles County,California,LosAngeles,1337,176
2024,06037240901,Census Tract 2409.01,Los Angeles,Los Angeles County,California,LosAngeles,1125,166
2024,06037240902,Census Tract 2409.02,Los Angeles,Los Angeles County,California,LosAngeles,1030,342
2024,06037241001,Census Tract 2410.01,Los Angeles,Los Angeles County,California,LosAngeles,1433,300
2024,06037241002,Census Tract 2410.02,Los Angeles,Los Angeles County,California,LosAngeles,1586,410
2024,06037241110,Census Tract 2411.10,Los Angeles,Los Angeles County,California,LosAngeles,1491,151
2024,06037241120,Census Tract 2411.20,Los Angeles,Los Angeles County,California,LosAngeles,1155,153
2024,06037241201,Census Tract 2412.01,Los Angeles,Los Angeles County,California,LosAngeles,1725,162
2024,06037241202,Census Tract 2412.02,Los Angeles,Los Angeles County,California,LosAngeles,1358,154
2024,06037241300,Census Tract 2413,Los Angeles,Los Angeles County,California,LosAngeles,1091,75
2024,06037241400,Census Tract 2414,Los Angeles,Los Angeles County,California,LosAngeles,1536,158
2024,06037242000,Census Tract 2420,Los Angeles,Los Angeles County,California,LosAngeles,1515,170
2024,06037242100,Census Tract 2421,Los Angeles,Los Angeles County,California,LosAngeles,744,228
2024,06037242201,Census Tract 2422.01,Los Angeles,Los Angeles County,California,LosAngeles,1531,479
2024,06037242202,Census Tract 2422.02,Los Angeles,Los Angeles County,California,LosAngeles,1123,228
2024,06037242300,Census Tract 2423,Los Angeles,Los Angeles County,California,LosAngeles,1121,91
2024,06037242600,Census Tract 2426,Los Angeles,Los Angeles County,California,LosAngeles,787,255
2024,06037242700,Census Tract 2427,Los Angeles,Los Angeles County,California,LosAngeles,1190,538
2024,06037243001,Census Tract 2430.01,Los Angeles,Los Angeles County,California,LosAngeles,1859,528
2024,06037243002,Census Tract 2430.02,Los Angeles,Los Angeles County,California,LosAngeles,2029,399
2024,06037243100,Census Tract 2431,Los Angeles,Los Angeles County,California,LosAngeles,997,131
2024,06037261102,Census Tract 2611.02,Los Angeles,Los Angeles County,California,LosAngeles,3501,
2024,06037261103,Census Tract 2611.03,Los Angeles,Los Angeles County,California,LosAngeles,3103,1226
2024,06037261104,Census Tract 2611.04,Los Angeles,Los Angeles County,California,LosAngeles,3501,
2024,06037261200,Census Tract 2612,Los Angeles,Los Angeles County,California,LosAngeles,1699,363
2024,06037262100,Census Tract 2621,Los Angeles,Los Angeles County,California,LosAngeles,,
2024,06037262200,Census Tract 2622,Los Angeles,Los Angeles County,California,LosAngeles,2671,385
2024,06037262301,Census Tract 2623.01,Los Angeles,Los Angeles County,California,LosAngeles,3501,
2024,06037262302,Census Tract 2623.02,Los Angeles,Los Angeles County,California,LosAngeles,2561,1101
2024,06037262303,Census Tract 2623.03,Los Angeles,Los Angeles County,California,LosAngeles,,
2024,06037262400,Census Tract 2624,Los Angeles,Los Angeles County,California,LosAngeles,3501,
2024,06037262501,Census Tract 2625.01,Los Angeles,Los Angeles County,California,LosAngeles,3501,
2024,06037262601,Census Tract 2626.01,Los Angeles,Los Angeles County,California,LosAngeles,3501,
2024,06037262604,Census Tract 2626.04,Los Angeles,Los Angeles County,California,LosAngeles,2953,1087
2024,06037262704,Census Tract 2627.04,Los Angeles,Los Angeles County,California,LosAngeles,3037,414
2024,06037262706,Census Tract 2627.06,Los Angeles,Los Angeles County,California,LosAngeles,3501,
2024,06037262802,Census Tract 2628.02,Los Angeles,Los Angeles County,California,LosAngeles,1827,713
2024,06037264000,Census Tract 2640,Los Angeles,Los Angeles County,California,LosAngeles,3319,562
2024,06037264102,Census Tract 2641.02,Los Angeles,Los Angeles County,California,LosAngeles,2950,157
2024,06037264103,Census Tract 2641.03,Los Angeles,Los Angeles County,California,LosAngeles,2708,181
2024,06037264303,Census Tract 2643.03,Los Angeles,Los Angeles County,California,LosAngeles,2579,310
2024,06037264304,Census Tract 2643.04,Los Angeles,Los Angeles County,California,LosAngeles,2431,224
2024,06037264305,Census Tract 2643.05,Los Angeles,Los Angeles County,California,LosAngeles,3501,
2024,06037264306,Census Tract 2643.06,Los Angeles,Los Angeles County,California,LosAngeles,2910,252
2024,06037265100,Census Tract 2651,Los Angeles,Los Angeles County,California,LosAngeles,3501,
2024,06037265201,Census Tract 2652.01,Los Angeles,Los Angeles County,California,LosAngeles,3501,
2024,06037265203,Census Tract 2652.03,Los Angeles,Los Angeles County,California,LosAngeles,3501,
2024,06037265204,Census Tract 2652.04,Los Angeles,Los Angeles County,California,LosAngeles,3047,629
2024,06037265301,Census Tract 2653.01,Los Angeles,Los Angeles County,California,LosAngeles,,
2024,06037265303,Census Tract 2653.03,Los Angeles,Los Angeles County,California,LosAngeles,2279,129
2024,06037265304,Census Tract 2653.04,Los Angeles,Los Angeles County,California,LosAngeles,2242,260
2024,06037265306,Census Tract 2653.06,Los Angeles,Los Angeles County,California,LosAngeles,2210,102
2024,06037265307,Census Tract 2653.07,Los Angeles,Los Angeles County,California,LosAngeles,1961,212
2024,06037265410,Census Tract 2654.10,Los Angeles,Los Angeles County,California,LosAngeles,3501,
2024,06037265420,Census Tract 2654.20,Los Angeles,Los Angeles County,California,LosAngeles,3205,368
2024,06037265521,Census Tract 2655.21,Los Angeles,Los Angeles County,California,LosAngeles,2272,98
2024,06037265522,Census Tract 2655.22,Los Angeles,Los Angeles County,California,LosAngeles,2570,157
2024,06037265523,Census Tract 2655.23,Los Angeles,Los Angeles County,California,LosAngeles,3013,321
2024,06037265524,Census Tract 2655.24,Los Angeles,Los Angeles County,California,LosAngeles,2893,286
2024,06037265601,Census Tract 2656.01,Los Angeles,Los Angeles County,California,LosAngeles,2402,255
2024,06037265602,Census Tract 2656.02,Los Angeles,Los Angeles County,California,LosAngeles,3501,
2024,06037265701,Census Tract 2657.01,Los Angeles,Los Angeles County,California,LosAngeles,1890,230
2024,06037265702,Census Tract 2657.02,Los Angeles,Los Angeles County,California,LosAngeles,3037,647
2024,06037267101,Census Tract 2671.01,Los Angeles,Los Angeles County,California,LosAngeles,2410,133
2024,06037267102,Census Tract 2671.02,Los Angeles,Los Angeles County,California,LosAngeles,2747,580
2024,06037267201,Census Tract 2672.01,Los Angeles,Los Angeles County,California,LosAngeles,2444,205
2024,06037267202,Census Tract 2672.02,Los Angeles,Los Angeles County,California,LosAngeles,3205,586
2024,06037267300,Census Tract 2673,Los Angeles,Los Angeles County,California,LosAngeles,2035,232
2024,06037267403,Census Tract 2674.03,Los Angeles,Los Angeles County,California,LosAngeles,2353,155
2024,06037267404,Census Tract 2674.04,Los Angeles,Los Angeles County,California,LosAngeles,2369,305
2024,06037267405,Census Tract 2674.05,Los Angeles,Los Angeles County,California,LosAngeles,2413,169
2024,06037267406,Census Tract 2674.06,Los Angeles,Los Angeles County,California,LosAngeles,2256,137
2024,06037267502,Census Tract 2675.02,Los Angeles,Los Angeles County,California,LosAngeles,2318,246
2024,06037267503,Census Tract 2675.03,Los Angeles,Los Angeles County,California,LosAngeles,2418,790
2024,06037267504,Census Tract 2675.04,Los Angeles,Los Angeles County,California,LosAngeles,2150,280
2024,06037267600,Census Tract 2676,Los Angeles,Los Angeles County,California,LosAngeles,2532,338
2024,06037267700,Census Tract 2677,Los Angeles,Los Angeles County,California,LosAngeles,2360,295
2024,06037267800,Census Tract 2678,Los Angeles,Los Angeles County,California,LosAngeles,3501,
2024,06037267901,Census Tract 2679.01,Los Angeles,Los Angeles County,California,LosAngeles,3501,
2024,06037267902,Census Tract 2679.02,Los Angeles,Los Angeles County,California,LosAngeles,3501,
2024,06037269000,Census Tract 2690,Los Angeles,Los Angeles County,California,LosAngeles,1993,1741
2024,06037269100,Census Tract 2691,Los Angeles,Los Angeles County,California,LosAngeles,2300,343
2024,06037269300,Census Tract 2693,Los Angeles,Los Angeles County,California,LosAngeles,2940,1102
2024,06037269500,Census Tract 2695,Los Angeles,Los Angeles County,California,LosAngeles,1950,1645
2024,06037269601,Census Tract 2696.01,Los Angeles,Los Angeles County,California,LosAngeles,1645,383
2024,06037269602,Census Tract 2696.02,Los Angeles,Los Angeles County,California,LosAngeles,1845,162
2024,06037269700,Census Tract 2697,Los Angeles,Los Angeles County,California,LosAngeles,1890,247
2024,06037269800,Census Tract 2698,Los Angeles,Los Angeles County,California,LosAngeles,2259,231
2024,06037269903,Census Tract 2699.03,Los Angeles,Los Angeles County,California,LosAngeles,2082,224
2024,06037269905,Census Tract 2699.05,Los Angeles,Los Angeles County,California,LosAngeles,2320,171
2024,06037269906,Census Tract 2699.06,Los Angeles,Los Angeles County,California,LosAngeles,2668,278
2024,06037269907,Census Tract 2699.07,Los Angeles,Los Angeles County,California,LosAngeles,2122,176
2024,06037269908,Census Tract 2699.08,Los Angeles,Los Angeles County,California,LosAngeles,1842,97
2024,06037269909,Census Tract 2699.09,Los Angeles,Los Angeles County,California,LosAngeles,1932,183
2024,06037270101,Census Tract 2701.01,Los Angeles,Los Angeles County,California,LosAngeles,2343,143
2024,06037270102,Census Tract 2701.02,Los Angeles,Los Angeles County,California,LosAngeles,1961,169
2024,06037270200,Census Tract 2702,Los Angeles,Los Angeles County,California,LosAngeles,1703,127
2024,06037270300,Census Tract 2703,Los Angeles,Los Angeles County,California,LosAngeles,1692,532
2024,06037271100,Census Tract 2711,Los Angeles,Los Angeles County,California,LosAngeles,1825,268
2024,06037271200,Census Tract 2712,Los Angeles,Los Angeles County,California,LosAngeles,2514,288
2024,06037271300,Census Tract 2713,Los Angeles,Los Angeles County,California,LosAngeles,2502,555
2024,06037271400,Census Tract 2714,Los Angeles,Los Angeles County,California,LosAngeles,3501,
2024,06037271500,Census Tract 2715,Los Angeles,Los Angeles County,California,LosAngeles,2220,344
2024,06037271600,Census Tract 2716,Los Angeles,Los Angeles County,California,LosAngeles,2129,121
2024,06037271702,Census Tract 2717.02,Los Angeles,Los Angeles County,California,LosAngeles,2141,87
2024,06037271703,Census Tract 2717.03,Los Angeles,Los Angeles County,California,LosAngeles,2210,216
2024,06037271704,Census Tract 2717.04,Los Angeles,Los Angeles County,California,LosAngeles,2402,296
2024,06037271801,Census Tract 2718.01,Los Angeles,Los Angeles County,California,LosAngeles,2177,137
2024,06037271803,Census Tract 2718.03,Los Angeles,Los Angeles County,California,LosAngeles,2053,277
2024,06037271804,Census Tract 2718.04,Los Angeles,Los Angeles County,California,LosAngeles,2697,173
2024,06037271901,Census Tract 2719.01,Los Angeles,Los Angeles County,California,LosAngeles,2431,338
2024,06037271902,Census Tract 2719.02,Los Angeles,Los Angeles County,California,LosAngeles,1921,153
2024,06037272100,Census Tract 2721,Los Angeles,Los Angeles County,California,LosAngeles,2412,761
2024,06037272201,Census Tract 2722.01,Los Angeles,Los Angeles County,California,LosAngeles,2274,228
2024,06037272202,Census Tract 2722.02,Los Angeles,Los Angeles County,California,LosAngeles,2055,273
2024,06037272301,Census Tract 2723.01,Los Angeles,Los Angeles County,California,LosAngeles,2463,409
2024,06037272302,Census Tract 2723.02,Los Angeles,Los Angeles County,California,LosAngeles,1908,188
2024,06037273100,Census Tract 2731,Los Angeles,Los Angeles County,California,LosAngeles,3463,216
2024,06037273200,Census Tract 2732,Los Angeles,Los Angeles County,California,LosAngeles,3051,477
2024,06037273300,Census Tract 2733,Los Angeles,Los Angeles County,California,LosAngeles,2323,391
2024,06037273403,Census Tract 2734.03,Los Angeles,Los Angeles County,California,LosAngeles,1865,292
2024,06037273404,Census Tract 2734.04,Los Angeles,Los Angeles County,California,LosAngeles,2211,107
2024,06037273502,Census Tract 2735.02,Los Angeles,Los Angeles County,California,LosAngeles,2404,367
2024,06037273600,Census Tract 2736,Los Angeles,Los Angeles County,California,LosAngeles,3501,
2024,06037273700,Census Tract 2737,Los Angeles,Los Angeles County,California,LosAngeles,2650,270
2024,06037273800,Census Tract 2738,Los Angeles,Los Angeles County,California,LosAngeles,2231,139
2024,06037273902,Census Tract 2739.02,Los Angeles,Los Angeles County,California,LosAngeles,2720,262
2024,06037274100,Census Tract 2741,Los Angeles,Los Angeles County,California,LosAngeles,3501,
2024,06037274202,Census Tract 2742.02,Los Angeles,Los Angeles County,California,LosAngeles,2352,580
2024,06037275101,Census Tract 2751.01,Los Angeles,Los Angeles County,California,LosAngeles,1968,297
2024,06037275102,Census Tract 2751.02,Los Angeles,Los Angeles County,California,LosAngeles,1984,262
2024,06037275200,Census Tract 2752,Los Angeles,Los Angeles County,California,LosAngeles,1958,189
2024,06037275311,Census Tract 2753.11,Los Angeles,Los Angeles County,California,LosAngeles,1999,221
2024,06037275312,Census Tract 2753.12,Los Angeles,Los Angeles County,California,LosAngeles,3422,174
2024,06037275313,Census Tract 2753.13,Los Angeles,Los Angeles County,California,LosAngeles,3358,727
2024,06037275400,Census Tract 2754,Los Angeles,Los Angeles County,California,LosAngeles,3501,
2024,06037275500,Census Tract 2755,Los Angeles,Los Angeles County,California,LosAngeles,823,265
2024,06037275603,Census Tract 2756.03,Los Angeles,Los Angeles County,California,LosAngeles,2148,418
2024,06037275604,Census Tract 2756.04,Los Angeles,Los Angeles County,California,LosAngeles,3501,
2024,06037275605,Census Tract 2756.05,Los Angeles,Los Angeles County,California,LosAngeles,3049,215
2024,06037276000,Census Tract 2760,Los Angeles,Los Angeles County,California,LosAngeles,2987,226
2024,06037276101,Census Tract 2761.01,Los Angeles,Los Angeles County,California,LosAngeles,2464,185
2024,06037276102,Census Tract 2761.02,Los Angeles,Los Angeles County,California,LosAngeles,2376,300
2024,06037276400,Census Tract 2764,Los Angeles,Los Angeles County,California,LosAngeles,3501,
2024,06037276500,Census Tract 2765,Los Angeles,Los Angeles County,California,LosAngeles,2714,737
2024,06037276601,Census Tract 2766.01,Los Angeles,Los Angeles County,California,LosAngeles,2440,754
2024,06037276605,Census Tract 2766.05,Los Angeles,Los Angeles County,California,LosAngeles,2807,315
2024,06037276606,Census Tract 2766.06,Los Angeles,Los Angeles County,California,LosAngeles,2685,248
2024,06037276607,Census Tract 2766.07,Los Angeles,Los Angeles County,California,LosAngeles,2903,172
2024,06037276608,Census Tract 2766.08,Los Angeles,Los Angeles County,California,LosAngeles,2111,216
2024,06037277000,Census Tract 2770,Los Angeles,Los Angeles County,California,LosAngeles,3142,588
2024,06037277100,Census Tract 2771,Los Angeles,Los Angeles County,California,LosAngeles,3501,
2024,06037277200,Census Tract 2772,Los Angeles,Los Angeles County,California,LosAngeles,1989,316
2024,06037277400,Census Tract 2774,Los Angeles,Los Angeles County,California,LosAngeles,,
2024,06037278001,Census Tract 2780.01,Los Angeles,Los Angeles County,California,LosAngeles,2195,338
2024,06037278102,Census Tract 2781.02,Los Angeles,Los Angeles County,California,LosAngeles,2854,251
2024,06037291110,Census Tract 2911.10,Los Angeles,Los Angeles County,California,LosAngeles,1095,131
2024,06037291120,Census Tract 2911.20,Los Angeles,Los Angeles County,California,LosAngeles,1443,290
2024,06037291130,Census Tract 2911.30,Los Angeles,Los Angeles County,California,LosAngeles,1536,437
2024,06037291210,Census Tract 2912.10,Los Angeles,Los Angeles County,California,LosAngeles,1719,151
2024,06037291220,Census Tract 2912.20,Los Angeles,Los Angeles County,California,LosAngeles,1227,283
2024,06037291300,Census Tract 2913,Los Angeles,Los Angeles County,California,LosAngeles,1621,335
2024,06037292001,Census Tract 2920.01,Los Angeles,Los Angeles County,California,LosAngeles,1602,124
2024,06037292002,Census Tract 2920.02,Los Angeles,Los Angeles County,California,LosAngeles,2351,406
2024,06037293203,Census Tract 2932.03,Los Angeles,Los Angeles County,California,LosAngeles,1535,150
2024,06037293204,Census Tract 2932.04,Los Angeles,Los Angeles County,California,LosAngeles,1887,631
2024,06037293205,Census Tract 2932.05,Los Angeles,Los Angeles County,California,LosAngeles,1547,177
2024,06037293206,Census Tract 2932.06,Los Angeles,Los Angeles County,California,LosAngeles,1407,82
2024,06037293301,Census Tract 2933.01,Los Angeles,Los Angeles County,California,LosAngeles,1676,233
2024,06037293302,Census Tract 2933.02,Los Angeles,Los Angeles County,California,LosAngeles,2153,254
2024,06037293304,Census Tract 2933.04,Los Angeles,Los Angeles County,California,LosAngeles,1230,79
2024,06037293306,Census Tract 2933.06,Los Angeles,Los Angeles County,California,LosAngeles,1760,107
2024,06037293307,Census Tract 2933.07,Los Angeles,Los Angeles County,California,LosAngeles,1362,116
2024,06037294110,Census Tract 2941.10,Los Angeles,Los Angeles County,California,LosAngeles,1721,112
2024,06037294120,Census Tract 2941.20,Los Angeles,Los Angeles County,California,LosAngeles,1331,276
2024,06037294200,Census Tract 2942,Los Angeles,Los Angeles County,California,LosAngeles,1204,94
2024,06037294301,Census Tract 2943.01,Los Angeles,Los Angeles County,California,LosAngeles,1476,211
2024,06037294302,Census Tract 2943.02,Los Angeles,Los Angeles County,California,LosAngeles,1344,200
2024,06037294410,Census Tract 2944.10,Los Angeles,Los Angeles County,California,LosAngeles,1334,582
2024,06037294421,Census Tract 2944.21,Los Angeles,Los Angeles County,California,LosAngeles,1523,183
2024,06037294510,Census Tract 2945.10,Los Angeles,Los Angeles County,California,LosAngeles,1202,110
2024,06037294520,Census Tract 2945.20,Los Angeles,Los Angeles County,California,LosAngeles,1476,127
2024,06037294610,Census Tract 2946.10,Los Angeles,Los Angeles County,California,LosAngeles,1318,97
2024,06037294620,Census Tract 2946.20,Los Angeles,Los Angeles County,California,LosAngeles,969,525
2024,06037294701,Census Tract 2947.01,Los Angeles,Los Angeles County,California,LosAngeles,1172,108
2024,06037294810,Census Tract 2948.10,Los Angeles,Los Angeles County,California,LosAngeles,1482,161
2024,06037294820,Census Tract 2948.20,Los Angeles,Los Angeles County,California,LosAngeles,1170,76
2024,06037294830,Census Tract 2948.30,Los Angeles,Los Angeles County,California,LosAngeles,1326,81
2024,06037294900,Census Tract 2949,Los Angeles,Los Angeles County,California,LosAngeles,1303,131
2024,06037295103,Census Tract 2951.03,Los Angeles,Los Angeles County,California,LosAngeles,3081,156
2024,06037296210,Census Tract 2962.10,Los Angeles,Los Angeles County,California,LosAngeles,1218,128
2024,06037296220,Census Tract 2962.20,Los Angeles,Los Angeles County,California,LosAngeles,1093,200
2024,06037296300,Census Tract 2963,Los Angeles,Los Angeles County,California,LosAngeles,2042,405
2024,06037296401,Census Tract 2964.01,Los Angeles,Los Angeles County,California,LosAngeles,1829,784
2024,06037296402,Census Tract 2964.02,Los Angeles,Los Angeles County,California,LosAngeles,1704,255
2024,06037296500,Census Tract 2965,Los Angeles,Los Angeles County,California,LosAngeles,1624,256
2024,06037296600,Census Tract 2966,Los Angeles,Los Angeles County,California,LosAngeles,1221,280
2024,06037296901,Census Tract 2969.01,Los Angeles,Los Angeles County,California,LosAngeles,1614,207
2024,06037296902,Census Tract 2969.02,Los Angeles,Los Angeles County,California,LosAngeles,1581,111
2024,06037297001,Census Tract 2970.01,Los Angeles,Los Angeles County,California,LosAngeles,2467,1113
2024,06037297002,Census Tract 2970.02,Los Angeles,Los Angeles County,California,LosAngeles,1746,90
2024,06037297110,Census Tract 2971.10,Los Angeles,Los Angeles County,California,LosAngeles,1248,146
2024,06037297120,Census Tract 2971.20,Los Angeles,Los Angeles County,California,LosAngeles,1511,193
2024,06037297201,Census Tract 2972.01,Los Angeles,Los Angeles County,California,LosAngeles,1654,178
2024,06037297202,Census Tract 2972.02,Los Angeles,Los Angeles County,California,LosAngeles,1700,56
2024,06037297300,Census Tract 2973,Los Angeles,Los Angeles County,California,LosAngeles,3152,827
2024,06037297400,Census Tract 2974,Los Angeles,Los Angeles County,California,LosAngeles,1692,308
2024,06037297501,Census Tract 2975.01,Los Angeles,Los Angeles County,California,LosAngeles,2717,150
2024,06037297502,Census Tract 2975.02,Los Angeles,Los Angeles County,California,LosAngeles,2078,317
2024,06037297601,Census Tract 2976.01,Los Angeles,Los Angeles County,California,LosAngeles,2276,364
2024,06037297602,Census Tract 2976.02,Los Angeles,Los Angeles County,California,LosAngeles,1648,133
2024,06037301702,Census Tract 3017.02,Los Angeles,Los Angeles County,California,LosAngeles,1883,237
2024,06037320102,Census Tract 3201.02,Los Angeles,Los Angeles County,California,LosAngeles,1567,394
2024,06037930400,Census Tract 9304,Los Angeles,Los Angeles County,California,LosAngeles,,
2024,06037980008,Census Tract 9800.08,Los Angeles,Los Angeles County,California,LosAngeles,,
2024,06037980009,Census Tract 9800.09,Los Angeles,Los Angeles County,California,LosAngeles,,
2024,06037980010,Census Tract 9800.10,Los Angeles,Los Angeles County,California,LosAngeles,,
2024,06037980014,Census Tract 9800.14,Los Angeles,Los Angeles County,California,LosAngeles,,
2024,06037980015,Census Tract 9800.15,Los Angeles,Los Angeles County,California,LosAngeles,1930,623
2024,06037980017,Census Tract 9800.17,Los Angeles,Los Angeles County,California,LosAngeles,1366,531
2024,06037980019,Census Tract 9800.19,Los Angeles,Los Angeles County,California,LosAngeles,,
2024,06037980020,Census Tract 9800.20,Los Angeles,Los Angeles County,California,LosAngeles,,
2024,06037980021,Census Tract 9800.21,Los Angeles,Los Angeles County,California,LosAngeles,,
2024,06037980022,Census Tract 9800.22,Los Angeles,Los Angeles County,California,LosAngeles,,
2024,06037980023,Census Tract 9800.23,Los Angeles,Los Angeles County,California,LosAngeles,,
2024,06037980024,Census Tract 9800.24,Los Angeles,Los Angeles County,California,LosAngeles,,
2024,06037980026,Census Tract 9800.26,Los Angeles,Los Angeles County,California,LosAngeles,,
2024,06037980028,Census Tract 9800.28,Los Angeles,Los Angeles County,California,LosAngeles,,
2024,06037980031,Census Tract 9800.31,Los Angeles,Los Angeles County,California,LosAngeles,,
2024,06037980039,Census Tract 9800.39,Los Angeles,Los Angeles County,California,LosAngeles,,
2024,06037990200,Census Tract 9902,Los Angeles,Los Angeles County,California,LosAngeles,,
2024,06037540000,Census Tract 5400,Lynwood,Los Angeles County,California,Lynwood,1445,131
2024,06037540101,Census Tract 5401.01,Lynwood,Los Angeles County,California,Lynwood,1725,171
2024,06037540102,Census Tract 5401.02,Lynwood,Los Angeles County,California,Lynwood,1550,611
2024,06037540201,Census Tract 5402.01,Lynwood,Los Angeles County,California,Lynwood,1593,236
2024,06037540202,Census Tract 5402.02,Lynwood,Los Angeles County,California,Lynwood,1652,89
2024,06037540203,Census Tract 5402.03,Lynwood,Los Angeles County,California,Lynwood,1414,116
2024,06037540300,Census Tract 5403,Lynwood,Los Angeles County,California,Lynwood,1471,170
2024,06037540501,Census Tract 5405.01,Lynwood,Los Angeles County,California,Lynwood,1373,381
2024,06037540502,Census Tract 5405.02,Lynwood,Los Angeles County,California,Lynwood,1578,112
2024,06037541700,Census Tract 5417,Lynwood,Los Angeles County,California,Lynwood,1193,131
2024,06037541801,Census Tract 5418.01,Lynwood,Los Angeles County,California,Lynwood,1595,229
2024,06037541802,Census Tract 5418.02,Lynwood,Los Angeles County,California,Lynwood,1827,253
2024,06037800406,Census Tract 8004.06,Malibu,Los Angeles County,California,Malibu,3501,
2024,06037800410,Census Tract 8004.10,Malibu,Los Angeles County,California,Malibu,3214,400
2024,06037800411,Census Tract 8004.11,Malibu,Los Angeles County,California,Malibu,3501,
2024,06037800412,Census Tract 8004.12,Malibu,Los Angeles County,California,Malibu,,
2024,06037800504,Census Tract 8005.04,Malibu,Los Angeles County,California,Malibu,3501,
2024,06037800506,Census Tract 8005.06,Malibu,Los Angeles County,California,Malibu,3501,
2024,06037990100,Census Tract 9901,Malibu,Los Angeles County,California,Malibu,,
2024,06037990200,Census Tract 9902,Malibu,Los Angeles County,California,Malibu,,
2024,06037620201,Census Tract 6202.01,Manhattan Beach,Los Angeles County,California,ManhattanBeach,3320,486
2024,06037620301,Census Tract 6203.01,Manhattan Beach,Los Angeles County,California,ManhattanBeach,2459,1956
2024,06037620303,Census Tract 6203.03,Manhattan Beach,Los Angeles County,California,ManhattanBeach,3413,354
2024,06037620305,Census Tract 6203.05,Manhattan Beach,Los Angeles County,California,ManhattanBeach,3501,
2024,06037620400,Census Tract 6204,Manhattan Beach,Los Angeles County,California,ManhattanBeach,2715,470
2024,06037620801,Census Tract 6208.01,Manhattan Beach,Los Angeles County,California,ManhattanBeach,3501,
2024,06037620802,Census Tract 6208.02,Manhattan Beach,Los Angeles County,California,ManhattanBeach,2288,116
2024,06037620901,Census Tract 6209.01,Manhattan Beach,Los Angeles County,California,ManhattanBeach,2810,487
2024,06037620904,Census Tract 6209.04,Manhattan Beach,Los Angeles County,California,ManhattanBeach,3501,
2024,06037990200,Census Tract 9902,Manhattan Beach,Los Angeles County,California,ManhattanBeach,,
2024,06037274202,Census Tract 2742.02,Marina del Rey,Los Angeles County,California,MarinadelRey,2352,580
2024,06037702900,Census Tract 7029,Marina del Rey,Los Angeles County,California,MarinadelRey,3459,196
2024,06037431300,Census Tract 4313,Mayflower Village,Los Angeles County,California,MayflowerVillage,2174,134
2024,06037431400,Census Tract 4314,Mayflower Village,Los Angeles County,California,MayflowerVillage,1949,974
2024,06037533300,Census Tract 5333,Maywood,Los Angeles County,California,Maywood,1619,150
2024,06037533401,Census Tract 5334.01,Maywood,Los Angeles County,California,Maywood,1433,133
2024,06037533402,Census Tract 5334.02,Maywood,Los Angeles County,California,Maywood,1346,108
2024,06037533403,Census Tract 5334.03,Maywood,Los Angeles County,California,Maywood,1193,74
2024,06037533701,Census Tract 5337.01,Maywood,Los Angeles County,California,Maywood,1235,118
2024,06037533702,Census Tract 5337.02,Maywood,Los Angeles County,California,Maywood,1248,158
2024,06037533703,Census Tract 5337.03,Maywood,Los Angeles County,California,Maywood,1556,191
2024,06037430301,Census Tract 4303.01,Monrovia,Los Angeles County,California,Monrovia,2888,956
2024,06037430302,Census Tract 4303.02,Monrovia,Los Angeles County,California,Monrovia,1758,107
2024,06037430901,Census Tract 4309.01,Monrovia,Los Angeles County,California,Monrovia,1842,111
2024,06037430902,Census Tract 4309.02,Monrovia,Los Angeles County,California,Monrovia,2120,141
2024,06037431002,Census Tract 4310.02,Monrovia,Los Angeles County,California,Monrovia,1629,631
2024,06037431003,Census Tract 4310.03,Monrovia,Los Angeles County,California,Monrovia,1836,348
2024,06037431004,Census Tract 4310.04,Monrovia,Los Angeles County,California,Monrovia,1911,157
2024,06037431100,Census Tract 4311,Monrovia,Los Angeles County,California,Monrovia,1860,119
2024,06037431200,Census Tract 4312,Monrovia,Los Angeles County,California,Monrovia,1674,288
2024,06037431300,Census Tract 4313,Monrovia,Los Angeles County,California,Monrovia,2174,134
2024,06037431400,Census Tract 4314,Monrovia,Los Angeles County,California,Monrovia,1949,974
2024,06037482522,Census Tract 4825.22,Montebello,Los Angeles County,California,Montebello,1826,250
2024,06037530005,Census Tract 5300.05,Montebello,Los Angeles County,California,Montebello,,
2024,06037530006,Census Tract 5300.06,Montebello,Los Angeles County,California,Montebello,1800,45
2024,06037530007,Census Tract 5300.07,Montebello,Los Angeles County,California,Montebello,1976,206
2024,06037530101,Census Tract 5301.01,Montebello,Los Angeles County,California,Montebello,1586,112
2024,06037530102,Census Tract 5301.02,Montebello,Los Angeles County,California,Montebello,1590,262
2024,06037530202,Census Tract 5302.02,Montebello,Los Angeles County,California,Montebello,1726,103
2024,06037530203,Census Tract 5302.03,Montebello,Los Angeles County,California,Montebello,1809,160
2024,06037530204,Census Tract 5302.04,Montebello,Los Angeles County,California,Montebello,1762,242
2024,06037531800,Census Tract 5318,Montebello,Los Angeles County,California,Montebello,1346,68
2024,06037531902,Census Tract 5319.02,Montebello,Los Angeles County,California,Montebello,1399,85
2024,06037532001,Census Tract 5320.01,Montebello,Los Angeles County,California,Montebello,996,189
2024,06037532002,Census Tract 5320.02,Montebello,Los Angeles County,California,Montebello,1707,225
2024,06037532101,Census Tract 5321.01,Montebello,Los Angeles County,California,Montebello,1684,76
2024,06037532102,Census Tract 5321.02,Montebello,Los Angeles County,California,Montebello,1855,278
2024,06037532200,Census Tract 5322,Montebello,Los Angeles County,California,Montebello,1769,87
2024,06037481711,Census Tract 4817.11,Monterey Park,Los Angeles County,California,MontereyPark,1696,75
2024,06037481712,Census Tract 4817.12,Monterey Park,Los Angeles County,California,MontereyPark,1712,87
2024,06037481713,Census Tract 4817.13,Monterey Park,Los Angeles County,California,MontereyPark,1953,261
2024,06037481714,Census Tract 4817.14,Monterey Park,Los Angeles County,California,MontereyPark,1365,279
2024,06037482001,Census Tract 4820.01,Monterey Park,Los Angeles County,California,MontereyPark,2250,1341
2024,06037482002,Census Tract 4820.02,Monterey Park,Los Angeles County,California,MontereyPark,2123,334
2024,06037482101,Census Tract 4821.01,Monterey Park,Los Angeles County,California,MontereyPark,1688,150
2024,06037482102,Census Tract 4821.02,Monterey Park,Los Angeles County,California,MontereyPark,2731,384
2024,06037482201,Census Tract 4822.01,Monterey Park,Los Angeles County,California,MontereyPark,1826,145
2024,06037482202,Census Tract 4822.02,Monterey Park,Los Angeles County,California,MontereyPark,1797,170
2024,06037482600,Census Tract 4826,Monterey Park,Los Angeles County,California,MontereyPark,2014,637
2024,06037482701,Census Tract 4827.01,Monterey Park,Los Angeles County,California,MontereyPark,1740,96
2024,06037482702,Census Tract 4827.02,Monterey Park,Los Angeles County,California,MontereyPark,1730,91
2024,06037482801,Census Tract 4828.01,Monterey Park,Los Angeles County,California,MontereyPark,1870,548
2024,06037530400,Census Tract 5304,Monterey Park,Los Angeles County,California,MontereyPark,868,340
2024,06037431502,Census Tract 4315.02,North El Monte,Los Angeles County,California,NorthElMonte,1969,239
2024,06037550101,Census Tract 5501.01,Norwalk,Los Angeles County,California,Norwalk,1613,578
2024,06037550201,Census Tract 5502.01,Norwalk,Los Angeles County,California,Norwalk,1526,146
2024,06037550202,Census Tract 5502.02,Norwalk,Los Angeles County,California,Norwalk,1959,459
2024,06037550301,Census Tract 5503.01,Norwalk,Los Angeles County,California,Norwalk,2219,88
2024,06037551900,Census Tract 5519,Norwalk,Los Angeles County,California,Norwalk,1968,487
2024,06037552001,Census Tract 5520.01,Norwalk,Los Angeles County,California,Norwalk,2107,310
2024,06037552002,Census Tract 5520.02,Norwalk,Los Angeles County,California,Norwalk,2142,197
2024,06037552100,Census Tract 5521,Norwalk,Los Angeles County,California,Norwalk,1321,285
2024,06037552200,Census Tract 5522,Norwalk,Los Angeles County,California,Norwalk,1900,143
2024,06037552301,Census Tract 5523.01,Norwalk,Los Angeles County,California,Norwalk,2509,665
2024,06037552302,Census Tract 5523.02,Norwalk,Los Angeles County,California,Norwalk,1724,316
2024,06037552400,Census Tract 5524,Norwalk,Los Angeles County,California,Norwalk,2040,412
2024,06037552601,Census Tract 5526.01,Norwalk,Los Angeles County,California,Norwalk,1859,206
2024,06037552602,Census Tract 5526.02,Norwalk,Los Angeles County,California,Norwalk,1876,101
2024,06037552700,Census Tract 5527,Norwalk,Los Angeles County,California,Norwalk,2623,343
2024,06037552800,Census Tract 5528,Norwalk,Los Angeles County,California,Norwalk,1743,275
2024,06037552900,Census Tract 5529,Norwalk,Los Angeles County,California,Norwalk,1893,154
2024,06037553000,Census Tract 5530,Norwalk,Los Angeles County,California,Norwalk,1864,923
2024,06037554600,Census Tract 5546,Norwalk,Los Angeles County,California,Norwalk,1893,125
2024,06037554700,Census Tract 5547,Norwalk,Los Angeles County,California,Norwalk,1974,367
2024,06037555300,Census Tract 5553,Norwalk,Los Angeles County,California,Norwalk,2004,331
2024,06037577800,Census Tract 5778,Norwalk,Los Angeles County,California,Norwalk,1818,117
2024,06037901218,Census Tract 9012.18,Palmdale,Los Angeles County,California,Palmdale,,
2024,06037910002,Census Tract 9100.02,Palmdale,Los Angeles County,California,Palmdale,1682,302
2024,06037910210,Census Tract 9102.10,Palmdale,Los Angeles County,California,Palmdale,2227,486
2024,06037910213,Census Tract 9102.13,Palmdale,Los Angeles County,California,Palmdale,2684,99
2024,06037910214,Census Tract 9102.14,Palmdale,Los Angeles County,California,Palmdale,2190,244
2024,06037910215,Census Tract 9102.15,Palmdale,Los Angeles County,California,Palmdale,1644,221
2024,06037910216,Census Tract 9102.16,Palmdale,Los Angeles County,California,Palmdale,2464,468
2024,06037910217,Census Tract 9102.17,Palmdale,Los Angeles County,California,Palmdale,1869,1129
2024,06037910218,Census Tract 9102.18,Palmdale,Los Angeles County,California,Palmdale,1736,226
2024,06037910301,Census Tract 9103.01,Palmdale,Los Angeles County,California,Palmdale,1150,64
2024,06037910302,Census Tract 9103.02,Palmdale,Los Angeles County,California,Palmdale,1842,835
2024,06037910401,Census Tract 9104.01,Palmdale,Los Angeles County,California,Palmdale,1959,206
2024,06037910404,Census Tract 9104.04,Palmdale,Los Angeles County,California,Palmdale,1662,96
2024,06037910405,Census Tract 9104.05,Palmdale,Los Angeles County,California,Palmdale,1349,74
2024,06037910501,Census Tract 9105.01,Palmdale,Los Angeles County,California,Palmdale,1149,84
2024,06037910502,Census Tract 9105.02,Palmdale,Los Angeles County,California,Palmdale,1295,176
2024,06037910504,Census Tract 9105.04,Palmdale,Los Angeles County,California,Palmdale,1614,228
2024,06037910505,Census Tract 9105.05,Palmdale,Los Angeles County,California,Palmdale,1856,152
2024,06037910601,Census Tract 9106.01,Palmdale,Los Angeles County,California,Palmdale,1631,432
2024,06037910602,Census Tract 9106.02,Palmdale,Los Angeles County,California,Palmdale,1687,133
2024,06037910605,Census Tract 9106.05,Palmdale,Los Angeles County,California,Palmdale,1236,565
2024,06037910606,Census Tract 9106.06,Palmdale,Los Angeles County,California,Palmdale,1565,218
2024,06037910607,Census Tract 9106.07,Palmdale,Los Angeles County,California,Palmdale,1395,209
2024,06037910608,Census Tract 9106.08,Palmdale,Los Angeles County,California,Palmdale,1654,415
2024,06037910706,Census Tract 9107.06,Palmdale,Los Angeles County,California,Palmdale,1920,371
2024,06037910707,Census Tract 9107.07,Palmdale,Los Angeles County,California,Palmdale,1420,108
2024,06037910709,Census Tract 9107.09,Palmdale,Los Angeles County,California,Palmdale,,
2024,06037910712,Census Tract 9107.12,Palmdale,Los Angeles County,California,Palmdale,2093,274
2024,06037910713,Census Tract 9107.13,Palmdale,Los Angeles County,California,Palmdale,1703,279
2024,06037910714,Census Tract 9107.14,Palmdale,Los Angeles County,California,Palmdale,1848,105
2024,06037910715,Census Tract 9107.15,Palmdale,Los Angeles County,California,Palmdale,1765,19
2024,06037910716,Census Tract 9107.16,Palmdale,Los Angeles County,California,Palmdale,1782,185
2024,06037910717,Census Tract 9107.17,Palmdale,Los Angeles County,California,Palmdale,1924,374
2024,06037910718,Census Tract 9107.18,Palmdale,Los Angeles County,California,Palmdale,1739,146
2024,06037910719,Census Tract 9107.19,Palmdale,Los Angeles County,California,Palmdale,1587,728
2024,06037910720,Census Tract 9107.20,Palmdale,Los Angeles County,California,Palmdale,1135,118
2024,06037910721,Census Tract 9107.21,Palmdale,Los Angeles County,California,Palmdale,1463,408
2024,06037910815,Census Tract 9108.15,Palmdale,Los Angeles County,California,Palmdale,1881,1139
2024,06037911100,Census Tract 9111,Palmdale,Los Angeles County,California,Palmdale,1313,255
2024,06037980004,Census Tract 9800.04,Palmdale,Los Angeles County,California,Palmdale,,
2024,06037670324,Census Tract 6703.24,Palos Verdes Estates,Los Angeles County,California,PalosVerdesEstates,2478,1202
2024,06037670326,Census Tract 6703.26,Palos Verdes Estates,Los Angeles County,California,PalosVerdesEstates,3501,
2024,06037670328,Census Tract 6703.28,Palos Verdes Estates,Los Angeles County,California,PalosVerdesEstates,3321,457
2024,06037990200,Census Tract 9902,Palos Verdes Estates,Los Angeles County,California,PalosVerdesEstates,,
2024,06037553502,Census Tract 5535.02,Paramount,Los Angeles County,California,Paramount,1620,183
2024,06037553503,Census Tract 5535.03,Paramount,Los Angeles County,California,Paramount,1444,144
2024,06037553504,Census Tract 5535.04,Paramount,Los Angeles County,California,Paramount,1704,74
2024,06037553601,Census Tract 5536.01,Paramount,Los Angeles County,California,Paramount,1965,305
2024,06037553602,Census Tract 5536.02,Paramount,Los Angeles County,California,Paramount,2238,201
2024,06037553701,Census Tract 5537.01,Paramount,Los Angeles County,California,Paramount,1439,81
2024,06037553702,Census Tract 5537.02,Paramount,Los Angeles County,California,Paramount,1591,150
2024,06037553801,Census Tract 5538.01,Paramount,Los Angeles County,California,Paramount,1793,148
2024,06037553802,Census Tract 5538.02,Paramount,Los Angeles County,California,Paramount,1640,112
2024,06037553901,Census Tract 5539.01,Paramount,Los Angeles County,California,Paramount,1617,241
2024,06037553902,Census Tract 5539.02,Paramount,Los Angeles County,California,Paramount,1858,139
2024,06037460001,Census Tract 4600.01,Pasadena,Los Angeles County,California,Pasadena,3190,941
2024,06037460002,Census Tract 4600.02,Pasadena,Los Angeles County,California,Pasadena,1833,440
2024,06037460101,Census Tract 4601.01,Pasadena,Los Angeles County,California,Pasadena,1972,397
2024,06037460401,Census Tract 4604.01,Pasadena,Los Angeles County,California,Pasadena,2028,354
2024,06037460800,Census Tract 4608,Pasadena,Los Angeles County,California,Pasadena,3501,
2024,06037460900,Census Tract 4609,Pasadena,Los Angeles County,California,Pasadena,1954,183
2024,06037461300,Census Tract 4613,Pasadena,Los Angeles County,California,Pasadena,1919,819
2024,06037461400,Census Tract 4614,Pasadena,Los Angeles County,California,Pasadena,1863,170
2024,06037461501,Census Tract 4615.01,Pasadena,Los Angeles County,California,Pasadena,1998,319
2024,06037461502,Census Tract 4615.02,Pasadena,Los Angeles County,California,Pasadena,1673,250
2024,06037461600,Census Tract 4616,Pasadena,Los Angeles County,California,Pasadena,1851,361
2024,06037461700,Census Tract 4617,Pasadena,Los Angeles County,California,Pasadena,2307,213
2024,06037461901,Census Tract 4619.01,Pasadena,Los Angeles County,California,Pasadena,1501,134
2024,06037461902,Census Tract 4619.02,Pasadena,Los Angeles County,California,Pasadena,2401,193
2024,06037462001,Census Tract 4620.01,Pasadena,Los Angeles County,California,Pasadena,1751,95
2024,06037462002,Census Tract 4620.02,Pasadena,Los Angeles County,California,Pasadena,1580,195
2024,06037462100,Census Tract 4621,Pasadena,Los Angeles County,California,Pasadena,1834,137
2024,06037462201,Census Tract 4622.01,Pasadena,Los Angeles County,California,Pasadena,1658,131
2024,06037462202,Census Tract 4622.02,Pasadena,Los Angeles County,California,Pasadena,2710,149
2024,06037462301,Census Tract 4623.01,Pasadena,Los Angeles County,California,Pasadena,1852,125
2024,06037462302,Census Tract 4623.02,Pasadena,Los Angeles County,California,Pasadena,1905,161
2024,06037462400,Census Tract 4624,Pasadena,Los Angeles County,California,Pasadena,2047,273
2024,06037462500,Census Tract 4625,Pasadena,Los Angeles County,California,Pasadena,2255,719
2024,06037462600,Census Tract 4626,Pasadena,Los Angeles County,California,Pasadena,2371,766
2024,06037462700,Census Tract 4627,Pasadena,Los Angeles County,California,Pasadena,1871,152
2024,06037462800,Census Tract 4628,Pasadena,Los Angeles County,California,Pasadena,2190,202
2024,06037462900,Census Tract 4629,Pasadena,Los Angeles County,California,Pasadena,1958,473
2024,06037463000,Census Tract 4630,Pasadena,Los Angeles County,California,Pasadena,2655,337
2024,06037463103,Census Tract 4631.03,Pasadena,Los Angeles County,California,Pasadena,2161,372
2024,06037463200,Census Tract 4632,Pasadena,Los Angeles County,California,Pasadena,2158,379
2024,06037463400,Census Tract 4634,Pasadena,Los Angeles County,California,Pasadena,2235,153
2024,06037463500,Census Tract 4635,Pasadena,Los Angeles County,California,Pasadena,2131,167
2024,06037463601,Census Tract 4636.01,Pasadena,Los Angeles County,California,Pasadena,2095,163
2024,06037463602,Census Tract 4636.02,Pasadena,Los Angeles County,California,Pasadena,2614,216
2024,06037463700,Census Tract 4637,Pasadena,Los Angeles County,California,Pasadena,3162,157
2024,06037463800,Census Tract 4638,Pasadena,Los Angeles County,California,Pasadena,2598,639
2024,06037463900,Census Tract 4639,Pasadena,Los Angeles County,California,Pasadena,2804,386
2024,06037464000,Census Tract 4640,Pasadena,Los Angeles County,California,Pasadena,2302,121
2024,06037800410,Census Tract 8004.10,Pepperdine University,Los Angeles County,California,PepperdineUniversity,3214,400
2024,06037500300,Census Tract 5003,Pico Rivera,Los Angeles County,California,PicoRivera,1859,546
2024,06037500402,Census Tract 5004.02,Pico Rivera,Los Angeles County,California,PicoRivera,1368,245
2024,06037500403,Census Tract 5004.03,Pico Rivera,Los Angeles County,California,PicoRivera,,
2024,06037500404,Census Tract 5004.04,Pico Rivera,Los Angeles County,California,PicoRivera,2225,518
2024,06037500500,Census Tract 5005,Pico Rivera,Los Angeles County,California,PicoRivera,1535,399
2024,06037500600,Census Tract 5006,Pico Rivera,Los Angeles County,California,PicoRivera,2081,313
2024,06037500700,Census Tract 5007,Pico Rivera,Los Angeles County,California,PicoRivera,1800,248
2024,06037500800,Census Tract 5008,Pico Rivera,Los Angeles County,California,PicoRivera,1822,138
2024,06037500900,Census Tract 5009,Pico Rivera,Los Angeles County,California,PicoRivera,1342,745
2024,06037502401,Census Tract 5024.01,Pico Rivera,Los Angeles County,California,PicoRivera,1583,302
2024,06037502402,Census Tract 5024.02,Pico Rivera,Los Angeles County,California,PicoRivera,2197,617
2024,06037502500,Census Tract 5025,Pico Rivera,Los Angeles County,California,PicoRivera,1685,99
2024,06037502602,Census Tract 5026.02,Pico Rivera,Los Angeles County,California,PicoRivera,1814,102
2024,06037502603,Census Tract 5026.03,Pico Rivera,Los Angeles County,California,PicoRivera,1474,233
2024,06037502604,Census Tract 5026.04,Pico Rivera,Los Angeles County,California,PicoRivera,2052,1386
2024,06037401303,Census Tract 4013.03,Pomona,Los Angeles County,California,Pomona,2906,1720
2024,06037401706,Census Tract 4017.06,Pomona,Los Angeles County,California,Pomona,1873,200
2024,06037401707,Census Tract 4017.07,Pomona,Los Angeles County,California,Pomona,1656,245
2024,06037402101,Census Tract 4021.01,Pomona,Los Angeles County,California,Pomona,1859,297
2024,06037402102,Census Tract 4021.02,Pomona,Los Angeles County,California,Pomona,1645,143
2024,06037402200,Census Tract 4022,Pomona,Los Angeles County,California,Pomona,1595,227
2024,06037402301,Census Tract 4023.01,Pomona,Los Angeles County,California,Pomona,1446,261
2024,06037402303,Census Tract 4023.03,Pomona,Los Angeles County,California,Pomona,1487,134
2024,06037402304,Census Tract 4023.04,Pomona,Los Angeles County,California,Pomona,1341,163
2024,06037402403,Census Tract 4024.03,Pomona,Los Angeles County,California,Pomona,1278,805
2024,06037402404,Census Tract 4024.04,Pomona,Los Angeles County,California,Pomona,,
2024,06037402405,Census Tract 4024.05,Pomona,Los Angeles County,California,Pomona,2599,268
2024,06037402406,Census Tract 4024.06,Pomona,Los Angeles County,California,Pomona,1550,204
2024,06037402501,Census Tract 4025.01,Pomona,Los Angeles County,California,Pomona,1525,154
2024,06037402503,Census Tract 4025.03,Pomona,Los Angeles County,California,Pomona,1608,196
2024,06037402504,Census Tract 4025.04,Pomona,Los Angeles County,California,Pomona,1220,129
2024,06037402601,Census Tract 4026.01,Pomona,Los Angeles County,California,Pomona,1563,190
2024,06037402602,Census Tract 4026.02,Pomona,Los Angeles County,California,Pomona,1118,335
2024,06037402702,Census Tract 4027.02,Pomona,Los Angeles County,California,Pomona,1420,103
2024,06037402703,Census Tract 4027.03,Pomona,Los Angeles County,California,Pomona,1992,417
2024,06037402705,Census Tract 4027.05,Pomona,Los Angeles County,California,Pomona,2061,234
2024,06037402706,Census Tract 4027.06,Pomona,Los Angeles County,California,Pomona,1947,1540
2024,06037402801,Census Tract 4028.01,Pomona,Los Angeles County,California,Pomona,1451,247
2024,06037402803,Census Tract 4028.03,Pomona,Los Angeles County,California,Pomona,1712,144
2024,06037402804,Census Tract 4028.04,Pomona,Los Angeles County,California,Pomona,1674,179
2024,06037402902,Census Tract 4029.02,Pomona,Los Angeles County,California,Pomona,1547,155
2024,06037402903,Census Tract 4029.03,Pomona,Los Angeles County,California,Pomona,1688,186
2024,06037402904,Census Tract 4029.04,Pomona,Los Angeles County,California,Pomona,2183,99
2024,06037403000,Census Tract 4030,Pomona,Los Angeles County,California,Pomona,2032,252
2024,06037403316,Census Tract 4033.16,Pomona,Los Angeles County,California,Pomona,1901,175
2024,06037403317,Census Tract 4033.17,Pomona,Los Angeles County,California,Pomona,2298,186
2024,06037403318,Census Tract 4033.18,Pomona,Los Angeles County,California,Pomona,2319,461
2024,06037403327,Census Tract 4033.27,Pomona,Los Angeles County,California,Pomona,1819,161
2024,06037408800,Census Tract 4088,Pomona,Los Angeles County,California,Pomona,1746,78
2024,06037409000,Census Tract 4090,Pomona,Los Angeles County,California,Pomona,2124,358
2024,06037901013,Census Tract 9010.13,Quartz Hill,Los Angeles County,California,QuartzHill,2146,298
2024,06037901101,Census Tract 9011.01,Quartz Hill,Los Angeles County,California,QuartzHill,1423,203
2024,06037901102,Census Tract 9011.02,Quartz Hill,Los Angeles County,California,QuartzHill,1499,229
2024,06037910211,Census Tract 9102.11,Quartz Hill,Los Angeles County,California,QuartzHill,3501,
2024,06037910301,Census Tract 9103.01,Quartz Hill,Los Angeles County,California,QuartzHill,1150,64
2024,06037670328,Census Tract 6703.28,Rancho Palos Verdes,Los Angeles County,California,RanchoPalosVerdes,3321,457
2024,06037670405,Census Tract 6704.05,Rancho Palos Verdes,Los Angeles County,California,RanchoPalosVerdes,3501,
2024,06037670407,Census Tract 6704.07,Rancho Palos Verdes,Los Angeles County,California,RanchoPalosVerdes,2903,567
2024,06037670413,Census Tract 6704.13,Rancho Palos Verdes,Los Angeles County,California,RanchoPalosVerdes,3501,
2024,06037670416,Census Tract 6704.16,Rancho Palos Verdes,Los Angeles County,California,RanchoPalosVerdes,3096,570
2024,06037670417,Census Tract 6704.17,Rancho Palos Verdes,Los Angeles County,California,RanchoPalosVerdes,3501,
2024,06037670418,Census Tract 6704.18,Rancho Palos Verdes,Los Angeles County,California,RanchoPalosVerdes,3501,
2024,06037670603,Census Tract 6706.03,Rancho Palos Verdes,Los Angeles County,California,RanchoPalosVerdes,3143,1502
2024,06037670604,Census Tract 6706.04,Rancho Palos Verdes,Los Angeles County,California,RanchoPalosVerdes,3501,
2024,06037670701,Census Tract 6707.01,Rancho Palos Verdes,Los Angeles County,California,RanchoPalosVerdes,3063,2338
2024,06037670702,Census Tract 6707.02,Rancho Palos Verdes,Los Angeles County,California,RanchoPalosVerdes,3501,
2024,06037990200,Census Tract 9902,Rancho Palos Verdes,Los Angeles County,California,RanchoPalosVerdes,,
2024,06037990300,Census Tract 9903,Rancho Palos Verdes,Los Angeles County,California,RanchoPalosVerdes,,
2024,06037620501,Census Tract 6205.01,Redondo Beach,Los Angeles County,California,RedondoBeach,2745,299
2024,06037620521,Census Tract 6205.21,Redondo Beach,Los Angeles County,California,RedondoBeach,2326,175
2024,06037620522,Census Tract 6205.22,Redondo Beach,Los Angeles County,California,RedondoBeach,2428,198
2024,06037620601,Census Tract 6206.01,Redondo Beach,Los Angeles County,California,RedondoBeach,2519,233
2024,06037620602,Census Tract 6206.02,Redondo Beach,Los Angeles County,California,RedondoBeach,2334,133
2024,06037620701,Census Tract 6207.01,Redondo Beach,Los Angeles County,California,RedondoBeach,2277,139
2024,06037620703,Census Tract 6207.03,Redondo Beach,Los Angeles County,California,RedondoBeach,2866,300
2024,06037620704,Census Tract 6207.04,Redondo Beach,Los Angeles County,California,RedondoBeach,2396,243
2024,06037621201,Census Tract 6212.01,Redondo Beach,Los Angeles County,California,RedondoBeach,2588,282
2024,06037621204,Census Tract 6212.04,Redondo Beach,Los Angeles County,California,RedondoBeach,2858,386
2024,06037621301,Census Tract 6213.01,Redondo Beach,Los Angeles County,California,RedondoBeach,2503,247
2024,06037621324,Census Tract 6213.24,Redondo Beach,Los Angeles County,California,RedondoBeach,2973,232
2024,06037621326,Census Tract 6213.26,Redondo Beach,Los Angeles County,California,RedondoBeach,2590,117
2024,06037621400,Census Tract 6214,Redondo Beach,Los Angeles County,California,RedondoBeach,2446,409
2024,06037990200,Census Tract 9902,Redondo Beach,Los Angeles County,California,RedondoBeach,,
2024,06037670500,Census Tract 6705,Rolling Hills (Los Angeles County),Los Angeles County,California,RollingHills(LosAngelesCounty),3501,
2024,06037670201,Census Tract 6702.01,Rolling Hills Estates,Los Angeles County,California,RollingHillsEstates,2744,762
2024,06037670202,Census Tract 6702.02,Rolling Hills Estates,Los Angeles County,California,RollingHillsEstates,3501,
2024,06037670405,Census Tract 6704.05,Rolling Hills Estates,Los Angeles County,California,RollingHillsEstates,3501,
2024,06037670406,Census Tract 6704.06,Rolling Hills Estates,Los Angeles County,California,RollingHillsEstates,3501,
2024,06037670417,Census Tract 6704.17,Rolling Hills Estates,Los Angeles County,California,RollingHillsEstates,3501,
2024,06037670702,Census Tract 6707.02,Rolling Hills Estates,Los Angeles County,California,RollingHillsEstates,3501,
2024,06037500300,Census Tract 5003,Rose Hills,Los Angeles County,California,RoseHills,1859,546
2024,06037432201,Census Tract 4322.01,Rosemead,Los Angeles County,California,Rosemead,2118,462
2024,06037432202,Census Tract 4322.02,Rosemead,Los Angeles County,California,Rosemead,1704,83
2024,06037432901,Census Tract 4329.01,Rosemead,Los Angeles County,California,Rosemead,1677,176
2024,06037432902,Census Tract 4329.02,Rosemead,Los Angeles County,California,Rosemead,1753,231
2024,06037433601,Census Tract 4336.01,Rosemead,Los Angeles County,California,Rosemead,1648,159
2024,06037433602,Census Tract 4336.02,Rosemead,Los Angeles County,California,Rosemead,1787,218
2024,06037481300,Census Tract 4813,Rosemead,Los Angeles County,California,Rosemead,1819,481
2024,06037482303,Census Tract 4823.03,Rosemead,Los Angeles County,California,Rosemead,1687,140
2024,06037482304,Census Tract 4823.04,Rosemead,Los Angeles County,California,Rosemead,1542,132
2024,06037482401,Census Tract 4824.01,Rosemead,Los Angeles County,California,Rosemead,1654,157
2024,06037482403,Census Tract 4824.03,Rosemead,Los Angeles County,California,Rosemead,1557,156
2024,06037482404,Census Tract 4824.04,Rosemead,Los Angeles County,California,Rosemead,2800,672
2024,06037482502,Census Tract 4825.02,Rosemead,Los Angeles County,California,Rosemead,1735,195
2024,06037482503,Census Tract 4825.03,Rosemead,Los Angeles County,California,Rosemead,1874,106
2024,06037482521,Census Tract 4825.21,Rosemead,Los Angeles County,California,Rosemead,1957,774
2024,06037482522,Census Tract 4825.22,Rosemead,Los Angeles County,California,Rosemead,1826,250
2024,06037530007,Census Tract 5300.07,Rosemead,Los Angeles County,California,Rosemead,1976,206
2024,06037980036,Census Tract 9800.36,Rosemead,Los Angeles County,California,Rosemead,,
2024,06037403326,Census Tract 4033.26,Rowland Heights,Los Angeles County,California,RowlandHeights,2565,498
2024,06037408212,Census Tract 4082.12,Rowland Heights,Los Angeles County,California,RowlandHeights,2539,409
2024,06037408213,Census Tract 4082.13,Rowland Heights,Los Angeles County,California,RowlandHeights,1706,136
2024,06037408626,Census Tract 4086.26,Rowland Heights,Los Angeles County,California,RowlandHeights,2259,204
2024,06037408627,Census Tract 4086.27,Rowland Heights,Los Angeles County,California,RowlandHeights,3230,119
2024,06037408703,Census Tract 4087.03,Rowland Heights,Los Angeles County,California,RowlandHeights,3354,812
2024,06037408705,Census Tract 4087.05,Rowland Heights,Los Angeles County,California,RowlandHeights,2345,510
2024,06037408707,Census Tract 4087.07,Rowland Heights,Los Angeles County,California,RowlandHeights,2132,278
2024,06037408722,Census Tract 4087.22,Rowland Heights,Los Angeles County,California,RowlandHeights,1975,1019
2024,06037408724,Census Tract 4087.24,Rowland Heights,Los Angeles County,California,RowlandHeights,1655,71
2024,06037408725,Census Tract 4087.25,Rowland Heights,Los Angeles County,California,RowlandHeights,1867,150
2024,06037980035,Census Tract 9800.35,Rowland Heights,Los Angeles County,California,RowlandHeights,968,41
2024,06037400304,Census Tract 4003.04,San Dimas,Los Angeles County,California,SanDimas,2174,85
2024,06037400403,Census Tract 4004.03,San Dimas,Los Angeles County,California,SanDimas,2079,179
2024,06037401202,Census Tract 4012.02,San Dimas,Los Angeles County,California,SanDimas,2233,288
2024,06037401303,Census Tract 4013.03,San Dimas,Los Angeles County,California,SanDimas,2906,1720
2024,06037401304,Census Tract 4013.04,San Dimas,Los Angeles County,California,SanDimas,3501,
2024,06037401311,Census Tract 4013.11,San Dimas,Los Angeles County,California,SanDimas,2068,110
2024,06037401312,Census Tract 4013.12,San Dimas,Los Angeles County,California,SanDimas,2081,1166
2024,06037403703,Census Tract 4037.03,San Dimas,Los Angeles County,California,SanDimas,2475,908
2024,06037403802,Census Tract 4038.02,San Dimas,Los Angeles County,California,SanDimas,1987,610
2024,06037320101,Census Tract 3201.01,San Fernando,Los Angeles County,California,SanFernando,1818,179
2024,06037320102,Census Tract 3201.02,San Fernando,Los Angeles County,California,SanFernando,1567,394
2024,06037320201,Census Tract 3202.01,San Fernando,Los Angeles County,California,SanFernando,1534,126
2024,06037320202,Census Tract 3202.02,San Fernando,Los Angeles County,California,SanFernando,1605,139
2024,06037320300,Census Tract 3203,San Fernando,Los Angeles County,California,SanFernando,1494,229
2024,06037480002,Census Tract 4800.02,San Gabriel,Los Angeles County,California,SanGabriel,3458,905
2024,06037480102,Census Tract 4801.02,San Gabriel,Los Angeles County,California,SanGabriel,2281,352
2024,06037480201,Census Tract 4802.01,San Gabriel,Los Angeles County,California,SanGabriel,2689,322
2024,06037480202,Census Tract 4802.02,San Gabriel,Los Angeles County,California,SanGabriel,2313,156
2024,06037481101,Census Tract 4811.01,San Gabriel,Los Angeles County,California,SanGabriel,1705,61
2024,06037481102,Census Tract 4811.02,San Gabriel,Los Angeles County,California,SanGabriel,1814,116
2024,06037481103,Census Tract 4811.03,San Gabriel,Los Angeles County,California,SanGabriel,1602,317
2024,06037481203,Census Tract 4812.03,San Gabriel,Los Angeles County,California,SanGabriel,1697,99
2024,06037481401,Census Tract 4814.01,San Gabriel,Los Angeles County,California,SanGabriel,1775,91
2024,06037481403,Census Tract 4814.03,San Gabriel,Los Angeles County,California,SanGabriel,1733,88
2024,06037481404,Census Tract 4814.04,San Gabriel,Los Angeles County,California,SanGabriel,1905,185
2024,06037482301,Census Tract 4823.01,San Gabriel,Los Angeles County,California,SanGabriel,1750,86
2024,06037464101,Census Tract 4641.01,San Marino,Los Angeles County,California,SanMarino,3501,
2024,06037464102,Census Tract 4641.02,San Marino,Los Angeles County,California,SanMarino,3501,
2024,06037464200,Census Tract 4642,San Marino,Los Angeles County,California,SanMarino,3501,
2024,06037480002,Census Tract 4800.02,San Marino,Los Angeles County,California,SanMarino,3458,905
2024,06037463300,Census Tract 4633,San Pasqual,Los Angeles County,California,SanPasqual,2010,217
2024,06037910807,Census Tract 9108.07,Santa Clarita,Los Angeles County,California,SantaClarita,2961,373
2024,06037910808,Census Tract 9108.08,Santa Clarita,Los Angeles County,California,SantaClarita,2375,1560
2024,06037910809,Census Tract 9108.09,Santa Clarita,Los Angeles County,California,SantaClarita,,
2024,06037910810,Census Tract 9108.10,Santa Clarita,Los Angeles County,California,SantaClarita,3501,
2024,06037920013,Census Tract 9200.13,Santa Clarita,Los Angeles County,California,SantaClarita,3501,
2024,06037920015,Census Tract 9200.15,Santa Clarita,Los Angeles County,California,SantaClarita,3298,132
2024,06037920016,Census Tract 9200.16,Santa Clarita,Los Angeles County,California,SantaClarita,2065,1083
2024,06037920017,Census Tract 9200.17,Santa Clarita,Los Angeles County,California,SantaClarita,2212,277
2024,06037920018,Census Tract 9200.18,Santa Clarita,Los Angeles County,California,SantaClarita,2359,925
2024,06037920020,Census Tract 9200.20,Santa Clarita,Los Angeles County,California,SantaClarita,2142,201
2024,06037920028,Census Tract 9200.28,Santa Clarita,Los Angeles County,California,SantaClarita,3085,372
2024,06037920029,Census Tract 9200.29,Santa Clarita,Los Angeles County,California,SantaClarita,2228,279
2024,06037920030,Census Tract 9200.30,Santa Clarita,Los Angeles County,California,SantaClarita,2187,107
2024,06037920031,Census Tract 9200.31,Santa Clarita,Los Angeles County,California,SantaClarita,1887,282
2024,06037920034,Census Tract 9200.34,Santa Clarita,Los Angeles County,California,SantaClarita,2385,181
2024,06037920035,Census Tract 9200.35,Santa Clarita,Los Angeles County,California,SantaClarita,2101,158
2024,06037920038,Census Tract 9200.38,Santa Clarita,Los Angeles County,California,SantaClarita,1792,163
2024,06037920039,Census Tract 9200.39,Santa Clarita,Los Angeles County,California,SantaClarita,2630,341
2024,06037920040,Census Tract 9200.40,Santa Clarita,Los Angeles County,California,SantaClarita,2341,826
2024,06037920041,Census Tract 9200.41,Santa Clarita,Los Angeles County,California,SantaClarita,2809,70
2024,06037920042,Census Tract 9200.42,Santa Clarita,Los Angeles County,California,SantaClarita,2374,195
2024,06037920043,Census Tract 9200.43,Santa Clarita,Los Angeles County,California,SantaClarita,3391,341
2024,06037920044,Census Tract 9200.44,Santa Clarita,Los Angeles County,California,SantaClarita,2869,215
2024,06037920045,Census Tract 9200.45,Santa Clarita,Los Angeles County,California,SantaClarita,2922,316
2024,06037920046,Census Tract 9200.46,Santa Clarita,Los Angeles County,California,SantaClarita,2287,272
2024,06037920047,Census Tract 9200.47,Santa Clarita,Los Angeles County,California,SantaClarita,2240,62
2024,06037920048,Census Tract 9200.48,Santa Clarita,Los Angeles County,California,SantaClarita,1831,264
2024,06037920049,Census Tract 9200.49,Santa Clarita,Los Angeles County,California,SantaClarita,3501,
2024,06037920102,Census Tract 9201.02,Santa Clarita,Los Angeles County,California,SantaClarita,1591,155
2024,06037920106,Census Tract 9201.06,Santa Clarita,Los Angeles County,California,SantaClarita,1315,153
2024,06037920109,Census Tract 9201.09,Santa Clarita,Los Angeles County,California,SantaClarita,2409,182
2024,06037920110,Census Tract 9201.10,Santa Clarita,Los Angeles County,California,SantaClarita,2443,325
2024,06037920111,Census Tract 9201.11,Santa Clarita,Los Angeles County,California,SantaClarita,2736,56
2024,06037920112,Census Tract 9201.12,Santa Clarita,Los Angeles County,California,SantaClarita,1741,412
2024,06037920114,Census Tract 9201.14,Santa Clarita,Los Angeles County,California,SantaClarita,2776,128
2024,06037920115,Census Tract 9201.15,Santa Clarita,Los Angeles County,California,SantaClarita,2191,289
2024,06037920120,Census Tract 9201.20,Santa Clarita,Los Angeles County,California,SantaClarita,3216,180
2024,06037920121,Census Tract 9201.21,Santa Clarita,Los Angeles County,California,SantaClarita,2976,282
2024,06037920200,Census Tract 9202,Santa Clarita,Los Angeles County,California,SantaClarita,,
2024,06037920312,Census Tract 9203.12,Santa Clarita,Los Angeles County,California,SantaClarita,1974,191
2024,06037920313,Census Tract 9203.13,Santa Clarita,Los Angeles County,California,SantaClarita,2349,732
2024,06037920314,Census Tract 9203.14,Santa Clarita,Los Angeles County,California,SantaClarita,2357,387
2024,06037920322,Census Tract 9203.22,Santa Clarita,Los Angeles County,California,SantaClarita,2022,770
2024,06037920326,Census Tract 9203.26,Santa Clarita,Los Angeles County,California,SantaClarita,2301,115
2024,06037920328,Census Tract 9203.28,Santa Clarita,Los Angeles County,California,SantaClarita,2687,124
2024,06037920329,Census Tract 9203.29,Santa Clarita,Los Angeles County,California,SantaClarita,2605,249
2024,06037920330,Census Tract 9203.30,Santa Clarita,Los Angeles County,California,SantaClarita,2741,129
2024,06037920331,Census Tract 9203.31,Santa Clarita,Los Angeles County,California,SantaClarita,2358,264
2024,06037920332,Census Tract 9203.32,Santa Clarita,Los Angeles County,California,SantaClarita,2088,376
2024,06037920334,Census Tract 9203.34,Santa Clarita,Los Angeles County,California,SantaClarita,2339,260
2024,06037920339,Census Tract 9203.39,Santa Clarita,Los Angeles County,California,SantaClarita,2911,487
2024,06037920340,Census Tract 9203.40,Santa Clarita,Los Angeles County,California,SantaClarita,1921,161
2024,06037920341,Census Tract 9203.41,Santa Clarita,Los Angeles County,California,SantaClarita,1767,79
2024,06037920342,Census Tract 9203.42,Santa Clarita,Los Angeles County,California,SantaClarita,1971,272
2024,06037920343,Census Tract 9203.43,Santa Clarita,Los Angeles County,California,SantaClarita,2251,146
2024,06037930400,Census Tract 9304,Santa Clarita,Los Angeles County,California,SantaClarita,,
2024,06037502200,Census Tract 5022,Santa Fe Springs,Los Angeles County,California,SantaFeSprings,1782,194
2024,06037502303,Census Tract 5023.03,Santa Fe Springs,Los Angeles County,California,SantaFeSprings,2028,212
2024,06037502700,Census Tract 5027,Santa Fe Springs,Los Angeles County,California,SantaFeSprings,1983,400
2024,06037502801,Census Tract 5028.01,Santa Fe Springs,Los Angeles County,California,SantaFeSprings,2255,121
2024,06037502901,Census Tract 5029.01,Santa Fe Springs,Los Angeles County,California,SantaFeSprings,2343,175
2024,06037503000,Census Tract 5030,Santa Fe Springs,Los Angeles County,California,SantaFeSprings,1229,410
2024,06037504200,Census Tract 5042,Santa Fe Springs,Los Angeles County,California,SantaFeSprings,1703,180
2024,06037980034,Census Tract 9800.34,Santa Fe Springs,Los Angeles County,California,SantaFeSprings,,
2024,06037264305,Census Tract 2643.05,Santa Monica,Los Angeles County,California,SantaMonica,3501,
2024,06037701201,Census Tract 7012.01,Santa Monica,Los Angeles County,California,SantaMonica,2556,1991
2024,06037701202,Census Tract 7012.02,Santa Monica,Los Angeles County,California,SantaMonica,3099,264
2024,06037701302,Census Tract 7013.02,Santa Monica,Los Angeles County,California,SantaMonica,2414,146
2024,06037701304,Census Tract 7013.04,Santa Monica,Los Angeles County,California,SantaMonica,2515,349
2024,06037701402,Census Tract 7014.02,Santa Monica,Los Angeles County,California,SantaMonica,2251,505
2024,06037701501,Census Tract 7015.01,Santa Monica,Los Angeles County,California,SantaMonica,2120,264
2024,06037701502,Census Tract 7015.02,Santa Monica,Los Angeles County,California,SantaMonica,2215,165
2024,06037701601,Census Tract 7016.01,Santa Monica,Los Angeles County,California,SantaMonica,2426,578
2024,06037701602,Census Tract 7016.02,Santa Monica,Los Angeles County,California,SantaMonica,2250,167
2024,06037701701,Census Tract 7017.01,Santa Monica,Los Angeles County,California,SantaMonica,2224,247
2024,06037701702,Census Tract 7017.02,Santa Monica,Los Angeles County,California,SantaMonica,2014,310
2024,06037701801,Census Tract 7018.01,Santa Monica,Los Angeles County,California,SantaMonica,2021,389
2024,06037701802,Census Tract 7018.02,Santa Monica,Los Angeles County,California,SantaMonica,2179,424
2024,06037701902,Census Tract 7019.02,Santa Monica,Los Angeles County,California,SantaMonica,2883,442
2024,06037702002,Census Tract 7020.02,Santa Monica,Los Angeles County,California,SantaMonica,2530,224
2024,06037702102,Census Tract 7021.02,Santa Monica,Los Angeles County,California,SantaMonica,2171,278
2024,06037702201,Census Tract 7022.01,Santa Monica,Los Angeles County,California,SantaMonica,2000,325
2024,06037702202,Census Tract 7022.02,Santa Monica,Los Angeles County,California,SantaMonica,2393,146
2024,06037702300,Census Tract 7023,Santa Monica,Los Angeles County,California,SantaMonica,2294,945
2024,06037990200,Census Tract 9902,Santa Monica,Los Angeles County,California,SantaMonica,,
2024,06037430501,Census Tract 4305.01,Sierra Madre,Los Angeles County,California,SierraMadre,2061,399
2024,06037430502,Census Tract 4305.02,Sierra Madre,Los Angeles County,California,SierraMadre,2040,154
2024,06037573401,Census Tract 5734.01,Signal Hill,Los Angeles County,California,SignalHill,1607,269
2024,06037573402,Census Tract 5734.02,Signal Hill,Los Angeles County,California,SignalHill,1756,102
2024,06037573403,Census Tract 5734.03,Signal Hill,Los Angeles County,California,SignalHill,2352,268
2024,06037980018,Census Tract 9800.18,Signal Hill,Los Angeles County,California,SignalHill,,
2024,06037433506,Census Tract 4335.06,South El Monte,Los Angeles County,California,SouthElMonte,1365,105
2024,06037433803,Census Tract 4338.03,South El Monte,Los Angeles County,California,SouthElMonte,1677,486
2024,06037433804,Census Tract 4338.04,South El Monte,Los Angeles County,California,SouthElMonte,1760,239
2024,06037434003,Census Tract 4340.03,South El Monte,Los Angeles County,California,SouthElMonte,1813,184
2024,06037434004,Census Tract 4340.04,South El Monte,Los Angeles County,California,SouthElMonte,1277,200
2024,06037434100,Census Tract 4341,South El Monte,Los Angeles County,California,SouthElMonte,1688,79
2024,06037535501,Census Tract 5355.01,South Gate,Los Angeles County,California,SouthGate,1302,115
2024,06037535502,Census Tract 5355.02,South Gate,Los Angeles County,California,SouthGate,1348,82
2024,06037535503,Census Tract 5355.03,South Gate,Los Angeles County,California,SouthGate,1324,92
2024,06037535603,Census Tract 5356.03,South Gate,Los Angeles County,California,SouthGate,1432,202
2024,06037535604,Census Tract 5356.04,South Gate,Los Angeles County,California,SouthGate,1281,87
2024,06037535605,Census Tract 5356.05,South Gate,Los Angeles County,California,SouthGate,1248,209
2024,06037535606,Census Tract 5356.06,South Gate,Los Angeles County,California,SouthGate,1327,103
2024,06037535607,Census Tract 5356.07,South Gate,Los Angeles County,California,SouthGate,1708,272
2024,06037535701,Census Tract 5357.01,South Gate,Los Angeles County,California,SouthGate,1342,104
2024,06037535702,Census Tract 5357.02,South Gate,Los Angeles County,California,SouthGate,1330,99
2024,06037535802,Census Tract 5358.02,South Gate,Los Angeles County,California,SouthGate,1486,155
2024,06037535803,Census Tract 5358.03,South Gate,Los Angeles County,California,SouthGate,1699,123
2024,06037535804,Census Tract 5358.04,South Gate,Los Angeles County,California,SouthGate,1488,121
2024,06037535901,Census Tract 5359.01,South Gate,Los Angeles County,California,SouthGate,1701,97
2024,06037535902,Census Tract 5359.02,South Gate,Los Angeles County,California,SouthGate,1168,131
2024,06037536000,Census Tract 5360,South Gate,Los Angeles County,California,SouthGate,1398,81
2024,06037536102,Census Tract 5361.02,South Gate,Los Angeles County,California,SouthGate,2031,652
2024,06037536103,Census Tract 5361.03,South Gate,Los Angeles County,California,SouthGate,1557,210
2024,06037536104,Census Tract 5361.04,South Gate,Los Angeles County,California,SouthGate,1665,142
2024,06037536201,Census Tract 5362.01,South Gate,Los Angeles County,California,SouthGate,1451,214
2024,06037536202,Census Tract 5362.02,South Gate,Los Angeles County,California,SouthGate,1176,467
2024,06037431100,Census Tract 4311,South Monrovia Island,Los Angeles County,California,SouthMonroviaIsland,1860,119
2024,06037431200,Census Tract 4312,South Monrovia Island,Los Angeles County,California,SouthMonroviaIsland,1674,288
2024,06037480500,Census Tract 4805,South Pasadena,Los Angeles County,California,SouthPasadena,1937,143
2024,06037480601,Census Tract 4806.01,South Pasadena,Los Angeles County,California,SouthPasadena,2252,106
2024,06037480602,Census Tract 4806.02,South Pasadena,Los Angeles County,California,SouthPasadena,2011,396
2024,06037480702,Census Tract 4807.02,South Pasadena,Los Angeles County,California,SouthPasadena,2281,221
2024,06037480703,Census Tract 4807.03,South Pasadena,Los Angeles County,California,SouthPasadena,2136,482
2024,06037480704,Census Tract 4807.04,South Pasadena,Los Angeles County,California,SouthPasadena,1967,166
2024,06037482404,Census Tract 4824.04,South San Gabriel,Los Angeles County,California,SouthSanGabriel,2800,672
2024,06037482521,Census Tract 4825.21,South San Gabriel,Los Angeles County,California,SouthSanGabriel,1957,774
2024,06037482522,Census Tract 4825.22,South San Gabriel,Los Angeles County,California,SouthSanGabriel,1826,250
2024,06037408133,Census Tract 4081.33,South San Jose Hills,Los Angeles County,California,SouthSanJoseHills,2138,88
2024,06037408137,Census Tract 4081.37,South San Jose Hills,Los Angeles County,California,SouthSanJoseHills,2188,87
2024,06037408138,Census Tract 4081.38,South San Jose Hills,Los Angeles County,California,SouthSanJoseHills,1617,455
2024,06037408139,Census Tract 4081.39,South San Jose Hills,Los Angeles County,California,SouthSanJoseHills,2109,558
2024,06037408140,Census Tract 4081.40,South San Jose Hills,Los Angeles County,California,SouthSanJoseHills,1105,422
2024,06037408141,Census Tract 4081.41,South San Jose Hills,Los Angeles County,California,SouthSanJoseHills,1776,134
2024,06037502005,Census Tract 5020.05,South Whittier,Los Angeles County,California,SouthWhittier,1851,82
2024,06037502901,Census Tract 5029.01,South Whittier,Los Angeles County,California,SouthWhittier,2343,175
2024,06037503000,Census Tract 5030,South Whittier,Los Angeles County,California,SouthWhittier,1229,410
2024,06037503103,Census Tract 5031.03,South Whittier,Los Angeles County,California,SouthWhittier,2100,380
2024,06037503104,Census Tract 5031.04,South Whittier,Los Angeles County,California,SouthWhittier,1545,248
2024,06037503105,Census Tract 5031.05,South Whittier,Los Angeles County,California,SouthWhittier,1734,213
2024,06037503106,Census Tract 5031.06,South Whittier,Los Angeles County,California,SouthWhittier,1868,179
2024,06037503201,Census Tract 5032.01,South Whittier,Los Angeles County,California,SouthWhittier,2688,2178
2024,06037503202,Census Tract 5032.02,South Whittier,Los Angeles County,California,SouthWhittier,1269,168
2024,06037503302,Census Tract 5033.02,South Whittier,Los Angeles County,California,SouthWhittier,1781,76
2024,06037503501,Census Tract 5035.01,South Whittier,Los Angeles County,California,SouthWhittier,1821,207
2024,06037503502,Census Tract 5035.02,South Whittier,Los Angeles County,California,SouthWhittier,2118,268
2024,06037504200,Census Tract 5042,South Whittier,Los Angeles County,California,SouthWhittier,1703,180
2024,06037920326,Census Tract 9203.26,Stevenson Ranch,Los Angeles County,California,StevensonRanch,2301,115
2024,06037920338,Census Tract 9203.38,Stevenson Ranch,Los Angeles County,California,StevensonRanch,3501,
2024,06037920339,Census Tract 9203.39,Stevenson Ranch,Los Angeles County,California,StevensonRanch,2911,487
2024,06037910002,Census Tract 9100.02,Sun Village,Los Angeles County,California,SunVillage,1682,302
2024,06037910706,Census Tract 9107.06,Sun Village,Los Angeles County,California,SunVillage,1920,371
2024,06037911100,Census Tract 9111,Sun Village,Los Angeles County,California,SunVillage,1313,255
2024,06037431501,Census Tract 4315.01,Temple City,Los Angeles County,California,TempleCity,1865,282
2024,06037431502,Census Tract 4315.02,Temple City,Los Angeles County,California,TempleCity,1969,239
2024,06037431800,Census Tract 4318,Temple City,Los Angeles County,California,TempleCity,1973,192
2024,06037431900,Census Tract 4319,Temple City,Los Angeles County,California,TempleCity,1738,161
2024,06037432001,Census Tract 4320.01,Temple City,Los Angeles County,California,TempleCity,2194,599
2024,06037432002,Census Tract 4320.02,Temple City,Los Angeles County,California,TempleCity,1786,254
2024,06037432101,Census Tract 4321.01,Temple City,Los Angeles County,California,TempleCity,2488,565
2024,06037432102,Census Tract 4321.02,Temple City,Los Angeles County,California,TempleCity,2867,1011
2024,06037480012,Census Tract 4800.12,Temple City,Los Angeles County,California,TempleCity,1742,70
2024,06037480101,Census Tract 4801.01,Temple City,Los Angeles County,California,TempleCity,2212,151
2024,06037480102,Census Tract 4801.02,Temple City,Los Angeles County,California,TempleCity,2281,352
2024,06037481201,Census Tract 4812.01,Temple City,Los Angeles County,California,TempleCity,1950,241
2024,06037800101,Census Tract 8001.01,Topanga,Los Angeles County,California,Topanga,3279,1407
2024,06037800103,Census Tract 8001.03,Topanga,Los Angeles County,California,Topanga,2221,271
2024,06037800104,Census Tract 8001.04,Topanga,Los Angeles County,California,Topanga,3501,
2024,06037800506,Census Tract 8005.06,Topanga,Los Angeles County,California,Topanga,3501,
2024,06037650001,Census Tract 6500.01,Torrance,Los Angeles County,California,Torrance,1986,377
2024,06037650003,Census Tract 6500.03,Torrance,Los Angeles County,California,Torrance,1907,209
2024,06037650004,Census Tract 6500.04,Torrance,Los Angeles County,California,Torrance,1817,87
2024,06037650101,Census Tract 6501.01,Torrance,Los Angeles County,California,Torrance,3105,781
2024,06037650102,Census Tract 6501.02,Torrance,Los Angeles County,California,Torrance,3072,1154
2024,06037650200,Census Tract 6502,Torrance,Los Angeles County,California,Torrance,2919,364
2024,06037650300,Census Tract 6503,Torrance,Los Angeles County,California,Torrance,1935,268
2024,06037650401,Census Tract 6504.01,Torrance,Los Angeles County,California,Torrance,2183,858
2024,06037650501,Census Tract 6505.01,Torrance,Los Angeles County,California,Torrance,3194,126
2024,06037650502,Census Tract 6505.02,Torrance,Los Angeles County,California,Torrance,2352,136
2024,06037650603,Census Tract 6506.03,Torrance,Los Angeles County,California,Torrance,1988,333
2024,06037650604,Census Tract 6506.04,Torrance,Los Angeles County,California,Torrance,1861,145
2024,06037650605,Census Tract 6506.05,Torrance,Los Angeles County,California,Torrance,2218,162
2024,06037650606,Census Tract 6506.06,Torrance,Los Angeles County,California,Torrance,1970,138
2024,06037650607,Census Tract 6506.07,Torrance,Los Angeles County,California,Torrance,2544,262
2024,06037650701,Census Tract 6507.01,Torrance,Los Angeles County,California,Torrance,3501,
2024,06037650702,Census Tract 6507.02,Torrance,Los Angeles County,California,Torrance,3501,
2024,06037650801,Census Tract 6508.01,Torrance,Los Angeles County,California,Torrance,3217,188
2024,06037650802,Census Tract 6508.02,Torrance,Los Angeles County,California,Torrance,3291,299
2024,06037650901,Census Tract 6509.01,Torrance,Los Angeles County,California,Torrance,1746,111
2024,06037650903,Census Tract 6509.03,Torrance,Los Angeles County,California,Torrance,2154,139
2024,06037650904,Census Tract 6509.04,Torrance,Los Angeles County,California,Torrance,2149,506
2024,06037651001,Census Tract 6510.01,Torrance,Los Angeles County,California,Torrance,1823,134
2024,06037651002,Census Tract 6510.02,Torrance,Los Angeles County,California,Torrance,1822,148
2024,06037651101,Census Tract 6511.01,Torrance,Los Angeles County,California,Torrance,2354,108
2024,06037651102,Census Tract 6511.02,Torrance,Los Angeles County,California,Torrance,2090,159
2024,06037651201,Census Tract 6512.01,Torrance,Los Angeles County,California,Torrance,3501,
2024,06037651221,Census Tract 6512.21,Torrance,Los Angeles County,California,Torrance,2017,112
2024,06037651222,Census Tract 6512.22,Torrance,Los Angeles County,California,Torrance,2541,181
2024,06037651302,Census Tract 6513.02,Torrance,Los Angeles County,California,Torrance,3501,
2024,06037651304,Census Tract 6513.04,Torrance,Los Angeles County,California,Torrance,2228,164
2024,06037651401,Census Tract 6514.01,Torrance,Los Angeles County,California,Torrance,1217,433
2024,06037651402,Census Tract 6514.02,Torrance,Los Angeles County,California,Torrance,2177,369
2024,06037980005,Census Tract 9800.05,Torrance,Los Angeles County,California,Torrance,,
2024,06037990200,Census Tract 9902,Torrance,Los Angeles County,California,Torrance,,
2024,06037406601,Census Tract 4066.01,Valinda,Los Angeles County,California,Valinda,2563,298
2024,06037406602,Census Tract 4066.02,Valinda,Los Angeles County,California,Valinda,1721,258
2024,06037407501,Census Tract 4075.01,Valinda,Los Angeles County,California,Valinda,1901,271
2024,06037407502,Census Tract 4075.02,Valinda,Los Angeles County,California,Valinda,1807,196
2024,06037407801,Census Tract 4078.01,Valinda,Los Angeles County,California,Valinda,2275,1619
2024,06037407802,Census Tract 4078.02,Valinda,Los Angeles County,California,Valinda,2233,656
2024,06037407901,Census Tract 4079.01,Valinda,Los Angeles County,California,Valinda,2056,1680
2024,06037408003,Census Tract 4080.03,Valinda,Los Angeles County,California,Valinda,2108,359
2024,06037408004,Census Tract 4080.04,Valinda,Los Angeles County,California,Valinda,2100,91
2024,06037920106,Census Tract 9201.06,Val Verde,Los Angeles County,California,ValVerde,1315,153
2024,06037980016,Census Tract 9800.16,Vernon,Los Angeles County,California,Vernon,1322,72
2024,06037703100,Census Tract 7031,View Park-Windsor Hills,Los Angeles County,California,ViewPark-WindsorHills,1454,280
2024,06037703200,Census Tract 7032,View Park-Windsor Hills,Los Angeles County,California,ViewPark-WindsorHills,2695,1799
2024,06037404501,Census Tract 4045.01,Vincent,Los Angeles County,California,Vincent,1746,110
2024,06037404503,Census Tract 4045.03,Vincent,Los Angeles County,California,Vincent,1773,191
2024,06037405301,Census Tract 4053.01,Vincent,Los Angeles County,California,Vincent,1762,63
2024,06037405400,Census Tract 4054,Vincent,Los Angeles County,California,Vincent,1462,291
2024,06037405500,Census Tract 4055,Vincent,Los Angeles County,California,Vincent,1790,190
2024,06037405701,Census Tract 4057.01,Vincent,Los Angeles County,California,Vincent,1790,146
2024,06037405702,Census Tract 4057.02,Vincent,Los Angeles County,California,Vincent,1648,110
2024,06037405800,Census Tract 4058,Vincent,Los Angeles County,California,Vincent,2191,69
2024,06037403401,Census Tract 4034.01,Walnut,Los Angeles County,California,Walnut,3097,325
2024,06037403402,Census Tract 4034.02,Walnut,Los Angeles County,California,Walnut,3239,998
2024,06037403403,Census Tract 4034.03,Walnut,Los Angeles County,California,Walnut,3501,
2024,06037403404,Census Tract 4034.04,Walnut,Los Angeles County,California,Walnut,3501,
2024,06037403407,Census Tract 4034.07,Walnut,Los Angeles County,California,Walnut,3501,
2024,06037403408,Census Tract 4034.08,Walnut,Los Angeles County,California,Walnut,2716,422
2024,06037403409,Census Tract 4034.09,Walnut,Los Angeles County,California,Walnut,2290,223
2024,06037403500,Census Tract 4035,Walnut,Los Angeles County,California,Walnut,2156,1123
2024,06037534700,Census Tract 5347,Walnut Park,Los Angeles County,California,WalnutPark,1635,660
2024,06037534802,Census Tract 5348.02,Walnut Park,Los Angeles County,California,WalnutPark,1355,126
2024,06037534803,Census Tract 5348.03,Walnut Park,Los Angeles County,California,WalnutPark,1341,125
2024,06037534804,Census Tract 5348.04,Walnut Park,Los Angeles County,California,WalnutPark,1399,292
2024,06037602700,Census Tract 6027,West Athens,Los Angeles County,California,WestAthens,1977,581
2024,06037602801,Census Tract 6028.01,West Athens,Los Angeles County,California,WestAthens,1384,141
2024,06037602802,Census Tract 6028.02,West Athens,Los Angeles County,California,WestAthens,1915,1084
2024,06037543502,Census Tract 5435.02,West Carson,Los Angeles County,California,WestCarson,1472,269
2024,06037543503,Census Tract 5435.03,West Carson,Los Angeles County,California,WestCarson,1880,212
2024,06037543603,Census Tract 5436.03,West Carson,Los Angeles County,California,WestCarson,1161,98
2024,06037543605,Census Tract 5436.05,West Carson,Los Angeles County,California,WestCarson,2124,183
2024,06037543606,Census Tract 5436.06,West Carson,Los Angeles County,California,WestCarson,1717,512
2024,06037403500,Census Tract 4035,West Covina,Los Angeles County,California,WestCovina,2156,1123
2024,06037403601,Census Tract 4036.01,West Covina,Los Angeles County,California,WestCovina,2029,1492
2024,06037405301,Census Tract 4053.01,West Covina,Los Angeles County,California,WestCovina,1762,63
2024,06037405302,Census Tract 4053.02,West Covina,Los Angeles County,California,WestCovina,1821,107
2024,06037405400,Census Tract 4054,West Covina,Los Angeles County,California,WestCovina,1462,291
2024,06037405500,Census Tract 4055,West Covina,Los Angeles County,California,WestCovina,1790,190
2024,06037405600,Census Tract 4056,West Covina,Los Angeles County,California,WestCovina,969,557
2024,06037406201,Census Tract 4062.01,West Covina,Los Angeles County,California,WestCovina,1574,152
2024,06037406300,Census Tract 4063,West Covina,Los Angeles County,California,WestCovina,1966,270
2024,06037406413,Census Tract 4064.13,West Covina,Los Angeles County,California,WestCovina,1713,411
2024,06037406500,Census Tract 4065,West Covina,Los Angeles County,California,WestCovina,2101,253
2024,06037406601,Census Tract 4066.01,West Covina,Los Angeles County,California,WestCovina,2563,298
2024,06037406602,Census Tract 4066.02,West Covina,Los Angeles County,California,WestCovina,1721,258
2024,06037406701,Census Tract 4067.01,West Covina,Los Angeles County,California,WestCovina,1993,797
2024,06037406702,Census Tract 4067.02,West Covina,Los Angeles County,California,WestCovina,2319,93
2024,06037406801,Census Tract 4068.01,West Covina,Los Angeles County,California,WestCovina,2407,264
2024,06037406903,Census Tract 4069.03,West Covina,Los Angeles County,California,WestCovina,1636,208
2024,06037407400,Census Tract 4074,West Covina,Los Angeles County,California,WestCovina,2708,209
2024,06037407801,Census Tract 4078.01,West Covina,Los Angeles County,California,WestCovina,2275,1619
2024,06037407902,Census Tract 4079.02,West Covina,Los Angeles County,California,WestCovina,2125,156
2024,06037408003,Census Tract 4080.03,West Covina,Los Angeles County,California,WestCovina,2108,359
2024,06037408004,Census Tract 4080.04,West Covina,Los Angeles County,California,WestCovina,2100,91
2024,06037408005,Census Tract 4080.05,West Covina,Los Angeles County,California,WestCovina,2229,204
2024,06037408006,Census Tract 4080.06,West Covina,Los Angeles County,California,WestCovina,2027,177
2024,06037408133,Census Tract 4081.33,West Covina,Los Angeles County,California,WestCovina,2138,88
2024,06037408134,Census Tract 4081.34,West Covina,Los Angeles County,California,WestCovina,2319,389
2024,06037408135,Census Tract 4081.35,West Covina,Los Angeles County,California,WestCovina,2128,256
2024,06037408136,Census Tract 4081.36,West Covina,Los Angeles County,California,WestCovina,2516,390
2024,06037408137,Census Tract 4081.37,West Covina,Los Angeles County,California,WestCovina,2188,87
2024,06037408141,Census Tract 4081.41,West Covina,Los Angeles County,California,WestCovina,1776,134
2024,06037700101,Census Tract 7001.01,West Hollywood,Los Angeles County,California,WestHollywood,2042,225
2024,06037700102,Census Tract 7001.02,West Hollywood,Los Angeles County,California,WestHollywood,1902,212
2024,06037700200,Census Tract 7002,West Hollywood,Los Angeles County,California,WestHollywood,1966,213
2024,06037700300,Census Tract 7003,West Hollywood,Los Angeles County,California,WestHollywood,1934,124
2024,06037700400,Census Tract 7004,West Hollywood,Los Angeles County,California,WestHollywood,2010,235
2024,06037700501,Census Tract 7005.01,West Hollywood,Los Angeles County,California,WestHollywood,2391,478
2024,06037700502,Census Tract 7005.02,West Hollywood,Los Angeles County,California,WestHollywood,2071,204
2024,06037800324,Census Tract 8003.24,Westlake Village,Los Angeles County,California,WestlakeVillage,3501,
2024,06037800325,Census Tract 8003.25,Westlake Village,Los Angeles County,California,WestlakeVillage,3343,730
2024,06037800335,Census Tract 8003.35,Westlake Village,Los Angeles County,California,WestlakeVillage,2695,142
2024,06037800338,Census Tract 8003.38,Westlake Village,Los Angeles County,California,WestlakeVillage,3501,
2024,06037600100,Census Tract 6001,Westmont,Los Angeles County,California,Westmont,1350,197
2024,06037600201,Census Tract 6002.01,Westmont,Los Angeles County,California,Westmont,1299,133
2024,06037600202,Census Tract 6002.02,Westmont,Los Angeles County,California,Westmont,1081,347
2024,06037600302,Census Tract 6003.02,Westmont,Los Angeles County,California,Westmont,1643,262
2024,06037600303,Census Tract 6003.03,Westmont,Los Angeles County,California,Westmont,1348,124
2024,06037600304,Census Tract 6003.04,Westmont,Los Angeles County,California,Westmont,1521,169
2024,06037600400,Census Tract 6004,Westmont,Los Angeles County,California,Westmont,976,161
2024,06037404703,Census Tract 4047.03,West Puente Valley,Los Angeles County,California,WestPuenteValley,1659,96
2024,06037406903,Census Tract 4069.03,West Puente Valley,Los Angeles County,California,WestPuenteValley,1636,208
2024,06037407001,Census Tract 4070.01,West Puente Valley,Los Angeles County,California,WestPuenteValley,1911,566
2024,06037407002,Census Tract 4070.02,West Puente Valley,Los Angeles County,California,WestPuenteValley,2250,253
2024,06037407301,Census Tract 4073.01,West Puente Valley,Los Angeles County,California,WestPuenteValley,2373,376
2024,06037407302,Census Tract 4073.02,West Puente Valley,Los Angeles County,California,WestPuenteValley,2448,495
2024,06037407501,Census Tract 4075.01,West Puente Valley,Los Angeles County,California,WestPuenteValley,1901,271
2024,06037540800,Census Tract 5408,West Rancho Dominguez,Los Angeles County,California,WestRanchoDominguez,1245,530
2024,06037540901,Census Tract 5409.01,West Rancho Dominguez,Los Angeles County,California,WestRanchoDominguez,1655,500
2024,06037540902,Census Tract 5409.02,West Rancho Dominguez,Los Angeles County,California,WestRanchoDominguez,1270,641
2024,06037541003,Census Tract 5410.03,West Rancho Dominguez,Los Angeles County,California,WestRanchoDominguez,1338,724
2024,06037541100,Census Tract 5411,West Rancho Dominguez,Los Angeles County,California,WestRanchoDominguez,1263,259
2024,06037541200,Census Tract 5412,West Rancho Dominguez,Los Angeles County,California,WestRanchoDominguez,1715,158
2024,06037543000,Census Tract 5430,West Rancho Dominguez,Los Angeles County,California,WestRanchoDominguez,1840,185
2024,06037501001,Census Tract 5010.01,West Whittier-Los Nietos,Los Angeles County,California,WestWhittier-LosNietos,2007,1199
2024,06037501002,Census Tract 5010.02,West Whittier-Los Nietos,Los Angeles County,California,WestWhittier-LosNietos,2326,277
2024,06037501200,Census Tract 5012,West Whittier-Los Nietos,Los Angeles County,California,WestWhittier-LosNietos,1894,238
2024,06037502100,Census Tract 5021,West Whittier-Los Nietos,Los Angeles County,California,WestWhittier-LosNietos,1256,315
2024,06037502200,Census Tract 5022,West Whittier-Los Nietos,Los Angeles County,California,WestWhittier-LosNietos,1782,194
2024,06037502303,Census Tract 5023.03,West Whittier-Los Nietos,Los Angeles County,California,WestWhittier-LosNietos,2028,212
2024,06037500202,Census Tract 5002.02,Whittier,Los Angeles County,California,Whittier,2194,1910
2024,06037500203,Census Tract 5002.03,Whittier,Los Angeles County,California,Whittier,3134,516
2024,06037501001,Census Tract 5010.01,Whittier,Los Angeles County,California,Whittier,2007,1199
2024,06037501002,Census Tract 5010.02,Whittier,Los Angeles County,California,Whittier,2326,277
2024,06037501200,Census Tract 5012,Whittier,Los Angeles County,California,Whittier,1894,238
2024,06037501301,Census Tract 5013.01,Whittier,Los Angeles County,California,Whittier,1648,332
2024,06037501302,Census Tract 5013.02,Whittier,Los Angeles County,California,Whittier,1994,315
2024,06037501400,Census Tract 5014,Whittier,Los Angeles County,California,Whittier,1827,133
2024,06037501501,Census Tract 5015.01,Whittier,Los Angeles County,California,Whittier,2050,646
2024,06037501503,Census Tract 5015.03,Whittier,Los Angeles County,California,Whittier,1736,114
2024,06037501504,Census Tract 5015.04,Whittier,Los Angeles County,California,Whittier,1628,147
2024,06037501600,Census Tract 5016,Whittier,Los Angeles County,California,Whittier,1714,182
2024,06037501700,Census Tract 5017,Whittier,Los Angeles County,California,Whittier,1762,73
2024,06037501802,Census Tract 5018.02,Whittier,Los Angeles County,California,Whittier,1944,144
2024,06037501803,Census Tract 5018.03,Whittier,Los Angeles County,California,Whittier,1617,92
2024,06037501804,Census Tract 5018.04,Whittier,Los Angeles County,California,Whittier,1571,134
2024,06037501900,Census Tract 5019,Whittier,Los Angeles County,California,Whittier,2333,327
2024,06037502003,Census Tract 5020.03,Whittier,Los Angeles County,California,Whittier,1680,159
2024,06037502004,Census Tract 5020.04,Whittier,Los Angeles County,California,Whittier,1768,85
2024,06037502005,Census Tract 5020.05,Whittier,Los Angeles County,California,Whittier,1851,82
2024,06037502100,Census Tract 5021,Whittier,Los Angeles County,California,Whittier,1256,315
2024,06037503301,Census Tract 5033.01,Whittier,Los Angeles County,California,Whittier,2231,175
2024,06037503401,Census Tract 5034.01,Whittier,Los Angeles County,California,Whittier,2084,185
2024,06037503402,Census Tract 5034.02,Whittier,Los Angeles County,California,Whittier,1910,228
2024,06037503501,Census Tract 5035.01,Whittier,Los Angeles County,California,Whittier,1821,207
2024,06037503502,Census Tract 5035.02,Whittier,Los Angeles County,California,Whittier,2118,268
2024,06037504200,Census Tract 5042,Whittier,Los Angeles County,California,Whittier,1703,180
2024,06037980036,Census Tract 9800.36,Whittier,Los Angeles County,California,Whittier,,
2024,06037540400,Census Tract 5404,Willowbrook,Los Angeles County,California,Willowbrook,1250,425
2024,06037540600,Census Tract 5406,Willowbrook,Los Angeles County,California,Willowbrook,1291,478
2024,06037540700,Census Tract 5407,Willowbrook,Los Angeles County,California,Willowbrook,1541,351
2024,06037540800,Census Tract 5408,Willowbrook,Los Angeles County,California,Willowbrook,1245,530
2024,06037541300,Census Tract 5413,Willowbrook,Los Angeles County,California,Willowbrook,1883,1127
2024,06037541401,Census Tract 5414.01,Willowbrook,Los Angeles County,California,Willowbrook,1474,208
2024,06037541402,Census Tract 5414.02,Willowbrook,Los Angeles County,California,Willowbrook,1664,251
2024,06037541500,Census Tract 5415,Willowbrook,Los Angeles County,California,Willowbrook,1422,292
